name,approach_date,diameter_km,velocity_kmph,distance_km,is_hazardous
478784 (2012 UV136),2025-06-02,0.045,49511.25,50442662.03,False
(2015 RQ35),2025-06-02,0.082,11950.19,70450034.1,False
(2016 EL27),2025-06-02,0.036,25733.18,54278219.47,False
(2019 VF1),2025-06-02,0.149,80619.27,23118633.9,False
(2020 XS5),2025-06-02,0.027,40999.06,36304847.9,False
(2021 VO7),2025-06-02,0.279,64641.52,13826677.56,False
(2022 AS6),2025-06-02,0.064,26775.09,67730585.46,False
(2022 FG3),2025-06-02,0.039,45325.82,27072512.95,False
(2025 KC4),2025-06-02,0.039,24010.09,4082303.67,False
(2009 XL8),2025-06-01,0.179,43846.23,42546601.59,False
(2012 XK134),2025-06-01,0.031,21401.77,52836418.93,False
(2014 BM25),2025-06-01,0.014,19837.77,73526422.71,False
(2017 XS),2025-06-01,0.171,67496.54,69708588.1,False
(2018 AG4),2025-06-01,0.036,40099.89,27734097.1,False
(2019 WS1),2025-06-01,0.069,23308.32,26404653.71,False
(2025 DM36),2025-06-01,0.342,46607.4,20654856.95,False
(2025 KP7),2025-06-01,0.121,64623.43,19453555.13,False
(2025 KS8),2025-06-01,0.034,37126.79,2449276.88,False
438908 (2009 XO),2025-06-04,0.445,90938.25,66243008.33,True
(2010 GH7),2025-06-04,0.02,14184.31,58557627.23,False
(2013 BH18),2025-06-04,0.451,11143.81,69348781.23,False
(2014 OL339),2025-06-04,0.165,41431.99,49937060.75,False
(2015 TA25),2025-06-04,0.575,103135.11,69227973.69,False
(2015 XZ1),2025-06-04,0.059,49797.52,25770914.84,False
(2016 AB9),2025-06-04,0.068,48649.64,54590609.13,False
(2016 XF18),2025-06-04,0.09,35981.55,44951204.2,False
(2017 QB35),2025-06-04,0.008,40535.23,42412367.96,False
(2022 NU1),2025-06-04,0.077,27107.27,19768333.16,False
(2024 TP17),2025-06-04,0.086,14976.71,29000928.05,False
(2025 KG),2025-06-04,0.027,12369.67,5832804.14,False
(2025 KA2),2025-06-04,0.238,85120.92,20691877.96,False
(2025 KV8),2025-06-04,0.041,33361.25,1794956.21,False
(2025 KX8),2025-06-04,0.063,29738.92,3205943.26,False
(2025 LB),2025-06-04,0.026,40342.44,151997.94,False
333480 (2004 TC10),2025-06-03,0.525,63099.1,37028655.19,False
(2004 BW18),2025-06-03,0.188,22512.28,69924864.93,False
(2016 OF),2025-06-03,0.14,33478.99,33146837.17,False
(2017 BU93),2025-06-03,0.138,61570.79,55665601.05,False
(2020 CY2),2025-06-03,0.019,20805.03,69302682.46,False
(2023 DM),2025-06-03,0.109,40319.3,21682818.5,False
(2023 JD2),2025-06-03,0.107,70560.23,49398365.09,False
(2024 JJ17),2025-06-03,0.016,65330.12,67420520.17,False
(2025 DN22),2025-06-03,0.171,35000.73,18516664.07,False
(2025 FE15),2025-06-03,0.092,16949.06,17806186.9,False
(2025 LA),2025-06-03,0.026,48476.45,501381.57,False
(2025 LH),2025-06-03,0.03,40322.52,613849.11,False
(2025 LM),2025-06-03,0.044,59583.11,1630798.95,False
(2013 AK11),2025-06-06,0.119,32335.36,58265060.3,False
(2014 HQ124),2025-06-06,0.977,54167.76,10816895.84,True
(2019 WP4),2025-06-06,0.078,54612.88,46953482.47,False
(2020 HG5),2025-06-06,0.043,40086.01,39838100.18,False
(2020 LQ),2025-06-06,0.057,42313.67,6625739.18,False
(2025 KW1),2025-06-06,0.049,9649.01,13852085.2,False
(2025 KO8),2025-06-06,0.104,52344.97,18550780.72,False
162039 (1996 JG),2025-06-05,0.929,54606.92,25195994.46,True
419624 (2010 SO16),2025-06-05,0.485,62867.29,71725470.59,True
424482 (2008 DG5),2025-06-05,0.705,22350.19,3492785.47,True
(1995 HM),2025-06-05,0.149,9132.81,20138352.66,False
(2019 JU1),2025-06-05,0.071,58349.03,44501835.34,False
(2020 LN),2025-06-05,0.113,58095.83,70574450.74,False
(2020 LF1),2025-06-05,0.13,71970.78,59563175.37,False
(2020 PV3),2025-06-05,0.059,16161.92,62157240.48,False
(2025 KY4),2025-06-05,0.024,13586.19,2772938.32,False
(2025 LD),2025-06-05,0.036,24470.83,1120262.12,False
(2002 JD109),2025-06-08,1.148,87878.28,62239210.75,False
(2014 LL26),2025-06-08,0.052,18790.66,3077409.3,False
(2016 VS),2025-06-08,0.02,25621.4,14485675.82,False
(2019 AY4),2025-06-08,0.188,100764.38,46913632.24,False
(2020 TT5),2025-06-08,0.024,22137.73,52298571.69,False
(2022 AS2),2025-06-08,0.01,27252.88,73738204.63,False
(2025 KK2),2025-06-08,0.075,29320.83,8781697.86,False
(2025 KP8),2025-06-08,0.089,49341.33,5225485.67,False
(2025 LK),2025-06-08,0.025,36944.26,99251.57,False
(2011 YG6),2025-06-07,0.36,94773.13,67983274.25,True
(2018 LE4),2025-06-07,0.103,48034.69,4659921.78,False
(2021 LA1),2025-06-07,0.054,22513.6,17799461.91,False
(2021 PV),2025-06-07,0.067,36295.06,74461204.7,False
(2022 AB6),2025-06-07,0.155,61139.8,28434814.21,False
(2022 KY5),2025-06-07,0.177,43606.54,59204521.75,False
(2022 WO7),2025-06-07,0.073,47884.74,37878370.1,False
(2022 JN11),2025-06-07,0.008,68989.02,65471482.55,False
(2025 LN),2025-06-07,0.01,32158.42,246821.47,False
(2006 KK89),2025-05-30,0.188,34874.29,21366545.65,False
(2007 VD12),2025-05-30,0.622,64042.77,14394302.5,True
(2014 BR57),2025-05-30,0.099,31178.56,26911906.19,False
(2016 WL48),2025-05-30,0.062,29649.43,10699975.77,False
(2019 XF2),2025-05-30,0.023,71776.85,58204669.23,False
(2020 VX5),2025-05-30,0.122,45733.42,30602408.66,False
(2022 KP3),2025-05-30,0.012,27832.91,3910591.17,False
(2022 QE1),2025-05-30,0.013,20977.71,45730372.97,False
(2024 HC),2025-05-30,0.019,56932.72,69033825.65,False
(2024 KT1),2025-05-30,0.024,40759.62,19545030.93,False
(2025 KK),2025-05-30,0.018,16315.73,730953.28,False
(2025 KR1),2025-05-30,0.069,63396.65,5728649.79,False
(2025 KH2),2025-05-30,0.056,44643.11,5582870.36,False
(2025 KW7),2025-05-30,0.063,61757.8,8596244.85,False
(2018 VB10),2025-05-31,0.041,26710.22,28121086.89,False
(2019 VB5),2025-05-31,0.003,44725.31,33903421.5,False
(2022 KN1),2025-05-31,0.015,64444.02,45352466.03,False
(2023 XC),2025-05-31,0.012,35397.32,20416171.84,False
(2024 JH),2025-05-31,0.044,23508.96,30543347.12,False
(2025 HA7),2025-05-31,0.096,40302.22,7918213.91,False
(2025 KP),2025-05-31,0.049,40803.32,1242360.64,False
(2025 KC1),2025-05-31,0.038,31725.93,2032804.61,False
(2025 KL2),2025-05-31,0.053,67938.94,5820258.34,False
(2025 KZ3),2025-05-31,0.014,9411.42,690415.17,False
(2025 KB4),2025-05-31,0.059,48317.49,7591479.99,False
(2025 KE4),2025-05-31,0.008,12946.13,1051901.16,False
(2025 KY8),2025-05-31,0.168,112508.0,26729068.47,False
(2009 XL8),2025-06-01,0.179,43846.23,42546601.59,False
(2012 XK134),2025-06-01,0.031,21401.77,52836418.93,False
(2014 BM25),2025-06-01,0.014,19837.77,73526422.71,False
(2017 XS),2025-06-01,0.171,67496.54,69708588.1,False
(2018 AG4),2025-06-01,0.036,40099.89,27734097.1,False
(2019 WS1),2025-06-01,0.069,23308.32,26404653.71,False
(2025 DM36),2025-06-01,0.342,46607.4,20654856.95,False
(2025 KP7),2025-06-01,0.121,64623.43,19453555.13,False
(2025 KS8),2025-06-01,0.034,37126.79,2449276.88,False
136818 Selqet (1997 MW1),2025-05-25,0.951,84773.84,68931132.41,False
390725 (2003 HB),2025-05-25,0.686,48479.18,7028370.57,True
434633 (2005 WB1),2025-05-25,0.439,58620.49,8709359.9,True
(2005 TC51),2025-05-25,0.021,59527.57,38902200.15,False
(2014 KF22),2025-05-25,0.031,41385.94,3475910.38,False
(2016 FC),2025-05-25,0.028,22450.14,52624013.77,False
(2023 KJ2),2025-05-25,0.044,65148.62,33805866.68,False
(2023 OV4),2025-05-25,0.048,12716.09,70414875.2,False
(2023 WF37),2025-05-25,0.236,74572.96,70252836.21,False
(2024 CC),2025-05-25,0.055,30567.0,10174904.42,False
(2025 KM),2025-05-25,0.014,12791.1,1545330.15,False
(2025 KQ),2025-05-25,0.056,35546.75,7725487.59,False
(2025 KM1),2025-05-25,0.364,60579.78,19428989.11,True
(2025 KZ8),2025-05-25,0.058,37742.65,7006481.27,False
(2025 LE),2025-05-25,0.049,41804.81,3860974.7,False
468468 (2004 KH17),2025-05-27,0.239,46465.96,24037264.07,True
(2007 XB23),2025-05-27,0.023,17356.07,13507942.35,False
(2010 KV39),2025-05-27,0.026,31759.74,11379695.31,False
(2012 WS3),2025-05-27,0.038,24537.77,10449691.19,False
(2016 DZ21),2025-05-27,0.049,16675.95,55705990.58,False
(2021 KO2),2025-05-27,0.015,44043.49,17695227.56,False
(2022 EF4),2025-05-27,0.043,39909.93,37376455.5,False
(2021 RU216),2025-05-27,0.137,15589.93,73665647.49,False
(2023 RV12),2025-05-27,0.034,35062.23,60733939.34,False
(2024 JB17),2025-05-27,0.21,54211.37,52588333.21,False
(2025 JP),2025-05-27,0.051,25251.59,5138627.4,False
(2025 KA4),2025-05-27,0.051,18865.62,9064911.43,False
(2025 LO),2025-05-27,0.27,81018.6,7131096.81,True
(2000 AH205),2025-05-26,0.179,97713.6,73755116.68,False
(2008 KA6),2025-05-26,0.113,83089.37,66413495.87,False
(2016 CK31),2025-05-26,0.023,38259.29,28643242.55,False
(2018 JF2),2025-05-26,0.09,35669.05,15657879.51,False
(2019 JY1),2025-05-26,0.014,62306.79,63923140.96,False
(2019 LA2),2025-05-26,0.027,42353.96,21588553.05,False
(2020 HM5),2025-05-26,0.113,52258.71,61463475.64,False
(2021 LE),2025-05-26,0.053,45306.22,14635523.07,False
(2021 UM5),2025-05-26,0.279,101366.77,52777752.37,True
(2022 SE29),2025-05-26,0.377,46622.26,25223873.51,False
(2023 CL2),2025-05-26,0.063,11487.3,14561799.47,False
(2024 YL),2025-05-26,0.008,12526.71,22942119.1,False
(2025 DE25),2025-05-26,0.421,45277.15,22290923.47,False
(2025 KT1),2025-05-26,0.022,33987.75,1999501.05,False
(2025 KQ4),2025-05-26,0.007,38063.13,162056.98,False
141531 (2002 GB),2025-05-29,0.879,53417.19,71899686.05,False
(2009 HU44),2025-05-29,0.179,51600.72,53762184.13,False
(2009 XV1),2025-05-29,0.188,78844.74,15258208.44,False
(2015 LA40),2025-05-29,0.197,79398.93,55680799.58,False
(2016 SA2),2025-05-29,0.014,38687.37,33293626.5,False
(2018 DC4),2025-05-29,0.021,16864.92,28103368.4,False
(2020 HL4),2025-05-29,0.071,29651.07,11330178.37,False
(2021 VP8),2025-05-29,0.033,33016.94,47752057.54,False
(2025 KR),2025-05-29,0.073,49600.41,4944615.48,False
(2025 KD3),2025-05-29,0.128,43478.99,7538742.86,False
(2025 KJ3),2025-05-29,0.071,49436.6,21348598.67,False
(2016 NN15),2025-05-28,0.027,54026.96,38390951.69,False
(2021 WD3),2025-05-28,0.046,20026.98,15933384.16,False
(2022 SB6),2025-05-28,0.175,55293.24,14531388.62,False
(2022 WW2),2025-05-28,0.046,47986.74,56213372.59,False
(2024 AC3),2025-05-28,0.053,84303.38,10787576.61,False
(2024 EW3),2025-05-28,0.012,65126.83,72400273.45,False
(2024 LH5),2025-05-28,0.084,54663.06,8831759.55,False
(2025 FU5),2025-05-28,0.153,26382.33,5147644.89,False
(2025 JR),2025-05-28,0.133,40806.88,4621484.03,False
(2025 KW),2025-05-28,0.049,48569.47,4933754.72,False
(2025 KU1),2025-05-28,0.034,12376.56,7403425.29,False
(2025 KA3),2025-05-28,0.045,70167.21,1917535.76,False
(2025 KX3),2025-05-28,0.017,28586.97,339701.62,False
(2025 KW8),2025-05-28,0.023,49475.19,1318438.69,False
(2007 EF),2025-05-21,0.312,70281.26,67751436.66,True
(2009 UK20),2025-05-21,0.033,56507.2,50274048.25,False
(2016 LJ8),2025-05-21,0.054,71186.21,59719558.03,False
(2019 QG),2025-05-21,0.318,18761.49,46532073.43,True
(2020 PG6),2025-05-21,0.025,29457.08,70757223.69,False
(2021 HR),2025-05-21,0.041,52094.96,59219620.67,False
(2021 VJ),2025-05-21,0.061,27527.69,55399940.2,False
613726 (2007 EF),2025-05-21,0.321,70281.25,67751425.94,True
(2023 CS2),2025-05-21,0.015,51986.3,34574486.72,False
(2024 SO2),2025-05-21,0.016,16073.3,24127213.02,False
(2024 SG5),2025-05-21,0.079,10920.66,24625320.16,False
(2025 HM15),2025-05-21,0.204,66053.12,12679405.51,False
(2025 KF),2025-05-21,0.023,41685.3,115127.6,False
(2025 KO),2025-05-21,0.056,24217.92,7685274.67,False
(2025 KB1),2025-05-21,0.052,29812.81,2889150.12,False
(2025 KF2),2025-05-21,0.003,29664.64,139790.88,False
(2025 KS6),2025-05-21,0.089,80769.74,4432844.17,False
(2025 KW6),2025-05-21,0.056,35449.91,15068265.85,False
524471 (2002 JW15),2025-05-20,0.488,29050.83,17390907.98,False
(2008 ST),2025-05-20,0.023,9120.26,5184852.8,False
(2013 VO13),2025-05-20,0.167,57741.36,14107085.42,False
(2015 KU121),2025-05-20,0.156,40204.2,64668591.92,False
(2017 UM52),2025-05-20,0.007,59134.9,70750673.13,False
(2019 AY3),2025-05-20,0.102,78630.3,17030484.36,False
(2019 HF4),2025-05-20,0.018,44433.46,30370434.72,False
(2020 AW),2025-05-20,0.011,39624.9,55151931.5,False
(2020 HS7),2025-05-20,0.009,41417.02,22119927.1,False
(2020 MR3),2025-05-20,0.171,75852.52,25507255.78,False
(2023 EZ2),2025-05-20,0.046,4015.63,54524685.63,False
(2025 HD6),2025-05-20,0.053,21183.43,8752941.68,False
(2025 JE1),2025-05-20,0.04,4882.88,4350331.0,False
(2025 KK13),2025-05-20,0.136,21430.86,22156879.34,False
65733 (1993 PC),2025-05-23,1.242,35360.34,25254938.64,False
(2016 JY5),2025-05-23,0.023,68065.08,66278299.84,False
(2016 JA6),2025-05-23,0.033,81544.96,67108797.07,False
(2021 GK2),2025-05-23,0.13,51644.37,19789114.7,False
(2021 UY6),2025-05-23,0.039,27510.96,58483976.34,False
(2022 GJ1),2025-05-23,0.09,27840.38,70892275.85,False
(2022 SH4),2025-05-23,0.045,22417.46,68204918.77,False
(2023 AE2),2025-05-23,0.057,71191.89,70653780.22,False
(2023 DA),2025-05-23,0.031,21560.75,26991621.82,False
(2023 JV4),2025-05-23,0.092,57546.4,46745231.94,False
(2024 WZ4),2025-05-23,0.016,27193.27,10948799.2,False
(2025 FU2),2025-05-23,0.105,17047.06,19495903.58,False
(2025 KC),2025-05-23,0.026,27108.04,1024076.08,False
(2025 KE1),2025-05-23,0.03,67148.61,192992.71,False
(2025 KR2),2025-05-23,0.149,37965.4,26740645.92,False
(2025 KF4),2025-05-23,0.011,22774.75,279631.54,False
(2010 VK),2025-05-22,0.327,90194.55,45169847.8,False
(2011 GE3),2025-05-22,0.04,34425.96,20325461.88,False
(2014 KV76),2025-05-22,0.365,74336.34,52492925.0,False
(2015 KB57),2025-05-22,0.206,120560.82,67117702.74,False
(2016 HB),2025-05-22,0.078,77932.58,71916595.29,False
(2021 JZ5),2025-05-22,0.013,94902.24,52355900.52,False
(2023 HP5),2025-05-22,0.018,25011.03,10502731.25,False
(2023 JR),2025-05-22,0.097,98335.19,69751719.8,False
(2024 BY15),2025-05-22,0.026,25284.39,32859644.43,False
(2025 JS),2025-05-22,0.249,72875.58,27566715.65,False
(2025 KH),2025-05-22,0.02,40936.13,1106122.57,False
(2025 KS1),2025-05-22,0.026,21767.68,146113.97,False
(2025 KZ1),2025-05-22,0.023,31847.1,3365069.34,False
(2025 KX2),2025-05-22,0.006,11282.33,367619.08,False
136818 Selqet (1997 MW1),2025-05-25,0.951,84773.84,68931132.41,False
390725 (2003 HB),2025-05-25,0.686,48479.18,7028370.57,True
434633 (2005 WB1),2025-05-25,0.439,58620.49,8709359.9,True
(2005 TC51),2025-05-25,0.021,59527.57,38902200.15,False
(2014 KF22),2025-05-25,0.031,41385.94,3475910.38,False
(2016 FC),2025-05-25,0.028,22450.14,52624013.77,False
(2023 KJ2),2025-05-25,0.044,65148.62,33805866.68,False
(2023 OV4),2025-05-25,0.048,12716.09,70414875.2,False
(2023 WF37),2025-05-25,0.236,74572.96,70252836.21,False
(2024 CC),2025-05-25,0.055,30567.0,10174904.42,False
(2025 KM),2025-05-25,0.014,12791.1,1545330.15,False
(2025 KQ),2025-05-25,0.056,35546.75,7725487.59,False
(2025 KM1),2025-05-25,0.364,60579.78,19428989.11,True
(2025 KZ8),2025-05-25,0.058,37742.65,7006481.27,False
(2025 LE),2025-05-25,0.049,41804.81,3860974.7,False
387746 (2003 MH4),2025-05-24,0.568,30059.8,6676598.0,True
(2019 YB5),2025-05-24,0.059,74218.0,50443586.77,False
(2021 JY3),2025-05-24,0.012,22636.72,11181224.57,False
(2021 TP114),2025-05-24,0.019,28558.01,72249664.22,False
(2022 JX1),2025-05-24,0.098,9245.63,34717880.79,False
(2022 WD11),2025-05-24,0.024,81170.85,61924222.74,False
(2025 AP3),2025-05-24,0.344,42364.08,25272192.57,False
(2025 DJ29),2025-05-24,0.031,10034.82,18222682.55,False
(2025 HK12),2025-05-24,0.087,19393.38,22641122.08,False
(2025 KL),2025-05-24,0.025,29424.71,3070414.0,False
(2025 KA1),2025-05-24,0.031,16097.59,8690039.41,False
(2025 KK1),2025-05-24,0.011,78140.35,505696.26,False
(2025 KV1),2025-05-24,0.055,68845.91,10423460.31,False
469494 (2002 XS40),2025-05-18,0.594,36786.56,28876570.26,False
(2006 UB64),2025-05-18,0.451,118152.12,70481605.61,False
(2010 PW58),2025-05-18,0.272,62128.71,68944524.86,True
(2013 SL20),2025-05-18,0.071,64725.42,31126287.84,False
(2015 KW121),2025-05-18,0.036,65962.12,19038091.85,False
(2018 XM5),2025-05-18,0.078,57400.2,65011233.5,False
(2010 KD149),2025-05-18,0.301,62128.74,68944569.37,True
(2021 VQ22),2025-05-18,0.039,32046.15,58554737.98,False
(2021 WT2),2025-05-18,0.089,53473.79,8032814.69,False
(2022 GD1),2025-05-18,0.058,68745.99,71030296.58,False
620061 (2006 UB64),2025-05-18,0.431,118152.12,70481605.58,False
(2024 SG),2025-05-18,0.021,30044.28,66657967.81,False
(2025 HU3),2025-05-18,0.043,31251.38,8137089.03,False
(2025 HS5),2025-05-18,0.048,18330.57,9041102.33,False
(2025 KD),2025-05-18,0.041,24101.63,1373999.87,False
(2025 KN),2025-05-18,0.023,38436.78,1457172.07,False
(2025 KJ2),2025-05-18,0.069,21082.7,14427477.3,False
(2010 LJ61),2025-05-19,0.384,62693.28,17832350.91,False
(2012 JN4),2025-05-19,0.119,67256.93,69419945.56,False
(2014 TV),2025-05-19,0.078,67100.8,35269843.77,False
(2016 TH94),2025-05-19,0.072,68998.32,63907098.45,False
(2018 WK),2025-05-19,0.023,43541.08,54669679.62,False
(2019 JX1),2025-05-19,0.009,94261.81,64477765.28,False
(2020 HH10),2025-05-19,0.108,58570.84,32116699.59,False
(2021 WR4),2025-05-19,0.005,27471.74,74360017.05,False
(2022 FJ1),2025-05-19,0.046,59931.69,74259075.2,False
(2022 FY4),2025-05-19,0.05,60044.85,74104460.43,False
(2022 QX1),2025-05-19,0.071,123833.24,70579007.52,False
(2022 WN2),2025-05-19,0.01,31838.43,30376268.07,False
(2024 JQ1),2025-05-19,0.023,23032.95,18717258.39,False
(2024 UB1),2025-05-19,0.012,35572.6,44373131.53,False
(2025 KE),2025-05-19,0.098,28120.47,4636209.33,False
(2025 KY),2025-05-19,0.021,52744.14,745621.69,False
(2025 KZ),2025-05-19,0.031,65058.69,821184.85,False
(2025 KL1),2025-05-19,0.083,61087.27,10862109.15,False
(2011 HJ7),2025-05-12,0.198,56805.23,2513733.54,False
(2011 UY114),2025-05-12,0.111,19325.87,40229879.4,False
(2016 HT19),2025-05-12,0.149,48701.59,32385533.52,False
(2016 JE),2025-05-12,0.251,43292.57,28214110.96,False
(2017 HA5),2025-05-12,0.019,52168.02,46707768.17,False
(2017 YZ4),2025-05-12,0.014,71272.31,52689144.84,False
(2019 JV2),2025-05-12,0.149,62741.06,13274490.28,False
(2019 TK5),2025-05-12,0.019,53852.34,47499606.53,False
(2020 JB),2025-05-12,0.119,45796.26,12014186.09,False
(2022 KX),2025-05-12,0.042,81670.06,30220351.99,False
(2022 KB4),2025-05-12,0.081,22239.7,13263332.96,False
(2024 TX9),2025-05-12,0.031,24877.47,33988821.58,False
(2025 FV),2025-05-12,0.191,16596.59,23363732.62,False
(2025 HN5),2025-05-12,0.208,64660.86,29381208.13,False
(2025 JA1),2025-05-12,0.048,45213.28,1529528.75,False
523809 (2007 TV18),2025-05-11,0.104,25966.33,20693899.31,False
(2004 JP12),2025-05-11,0.124,95958.74,7943591.62,False
(2013 WY43),2025-05-11,0.027,73777.52,54270478.52,False
(2014 QZ295),2025-05-11,0.065,43815.31,14098102.46,False
(2014 UH175),2025-05-11,0.483,76693.29,65290067.03,False
(2015 WA1),2025-05-11,0.257,33336.51,20013120.17,False
(2021 VW22),2025-05-11,0.026,34708.13,71568609.64,False
(2022 KF3),2025-05-11,0.023,108746.64,46521884.4,False
(2024 JG3),2025-05-11,0.174,103484.46,57029895.27,False
(2025 JY1),2025-05-11,0.058,33267.25,12614404.71,False
(2025 KB),2025-05-11,0.07,36115.89,3285092.24,False
(2018 RO5),2025-05-14,0.045,30292.85,37611393.87,False
(2018 SP2),2025-05-14,0.065,77852.18,68410900.09,False
(2020 KS2),2025-05-14,0.078,67738.8,50627538.86,False
(2020 UT4),2025-05-14,0.013,64984.58,67749303.51,False
(2021 VK1),2025-05-14,0.073,30617.43,15247712.11,False
(2023 RC),2025-05-14,0.124,32022.45,44260844.96,False
(2024 KB2),2025-05-14,0.117,44825.95,33754501.29,False
(2025 DT50),2025-05-14,0.175,23024.81,6142093.87,False
(2025 JL2),2025-05-14,0.283,106359.5,12394220.38,False
(2011 YU74),2025-05-13,0.15,18077.93,4363319.14,False
(2015 AA44),2025-05-13,0.099,26546.56,26641284.45,False
(2015 TF),2025-05-13,0.222,40537.26,36483645.23,False
(2019 VD6),2025-05-13,0.14,62234.27,32350643.12,False
(2022 QO4),2025-05-13,0.061,60437.58,39835582.32,False
(2025 HV18),2025-05-13,0.117,27037.68,23412552.38,False
(2025 KQ1),2025-05-13,0.089,65788.57,6945501.72,False
(2002 GQ),2025-05-16,0.033,62318.99,48918482.31,False
(2011 XD),2025-05-16,0.094,26940.45,18086005.71,False
(2017 WP),2025-05-16,0.143,53115.12,52546048.97,False
(2018 RC1),2025-05-16,0.03,19429.44,55415931.35,False
(2018 SF3),2025-05-16,0.052,42396.87,39706358.01,False
(2022 AK),2025-05-16,0.228,47105.47,23885983.15,False
(2022 KX4),2025-05-16,0.099,45942.13,11972710.47,False
(2023 BO8),2025-05-16,0.028,13920.29,70676439.42,False
(2024 GE3),2025-05-16,0.036,17945.64,25349500.43,False
(2024 JQ17),2025-05-16,0.046,37611.23,7800479.06,False
(2025 FZ28),2025-05-16,0.139,22292.02,24104767.79,False
(2025 HF12),2025-05-16,0.159,39470.89,23940963.51,False
(2025 KJ),2025-05-16,0.019,54912.31,1364980.02,False
154276 (2002 SY50),2025-05-15,1.762,82581.83,10540965.55,True
(2005 JU81),2025-05-15,0.261,68604.54,49057849.24,True
(2014 HB124),2025-05-15,0.148,107464.35,72597042.58,False
(2014 JA31),2025-05-15,0.113,52619.77,11616037.61,False
(2014 KC39),2025-05-15,0.13,32796.5,63210537.85,False
(2016 WR8),2025-05-15,0.02,42161.25,31244993.15,False
(2020 BP11),2025-05-15,0.026,42754.87,66664526.22,False
(2020 HM7),2025-05-15,0.041,80669.85,60473577.86,False
(2021 GM26),2025-05-15,0.043,8605.95,13884825.36,False
(2021 VK10),2025-05-15,0.037,74469.03,33203439.09,False
(2022 JQ1),2025-05-15,0.034,36418.88,39616353.02,False
(2023 JF2),2025-05-15,0.071,63521.97,54490940.25,False
(2023 RY15),2025-05-15,0.015,47940.45,26546995.59,False
(2024 TK20),2025-05-15,0.318,53581.53,13979193.26,False
(2025 KG3),2025-05-15,0.046,31956.47,10009441.59,False
(2025 KR4),2025-05-15,0.038,17905.74,3739403.87,False
469494 (2002 XS40),2025-05-18,0.594,36786.56,28876570.26,False
(2006 UB64),2025-05-18,0.451,118152.12,70481605.61,False
(2010 PW58),2025-05-18,0.272,62128.71,68944524.86,True
(2013 SL20),2025-05-18,0.071,64725.42,31126287.84,False
(2015 KW121),2025-05-18,0.036,65962.12,19038091.85,False
(2018 XM5),2025-05-18,0.078,57400.2,65011233.5,False
(2010 KD149),2025-05-18,0.301,62128.74,68944569.37,True
(2021 VQ22),2025-05-18,0.039,32046.15,58554737.98,False
(2021 WT2),2025-05-18,0.089,53473.79,8032814.69,False
(2022 GD1),2025-05-18,0.058,68745.99,71030296.58,False
620061 (2006 UB64),2025-05-18,0.431,118152.12,70481605.58,False
(2024 SG),2025-05-18,0.021,30044.28,66657967.81,False
(2025 HU3),2025-05-18,0.043,31251.38,8137089.03,False
(2025 HS5),2025-05-18,0.048,18330.57,9041102.33,False
(2025 KD),2025-05-18,0.041,24101.63,1373999.87,False
(2025 KN),2025-05-18,0.023,38436.78,1457172.07,False
(2025 KJ2),2025-05-18,0.069,21082.7,14427477.3,False
(2009 YT6),2025-05-17,0.352,50096.0,24803536.9,False
(2015 HB177),2025-05-17,0.071,35227.91,8477078.19,False
(2022 ER2),2025-05-17,0.224,42708.04,29601285.62,False
(2022 VB),2025-05-17,0.049,38422.72,73016052.49,False
(2024 JO1),2025-05-17,0.016,55537.64,53244247.69,False
(2024 WL2),2025-05-17,0.056,60469.75,27717860.44,False
(2025 HD19),2025-05-17,0.048,32551.6,2813735.16,False
(2025 KA),2025-05-17,0.039,42622.37,1620409.21,False
(2025 KJ1),2025-05-17,0.017,29591.44,883826.44,False
(2025 KE16),2025-05-17,0.143,41200.01,11572046.79,False
(2003 FY6),2025-05-10,0.179,84342.51,42896640.8,False
(2015 AP44),2025-05-10,0.034,65258.19,69612402.85,False
(2015 XY261),2025-05-10,0.022,60769.0,25876391.92,False
(2020 TG),2025-05-10,0.045,49750.8,40460117.0,False
(2021 KH),2025-05-10,0.032,26080.55,6991011.1,False
(2021 KZ2),2025-05-10,0.053,61063.24,54463032.07,False
(2022 EO),2025-05-10,0.008,27492.29,35563387.59,False
(2023 JF5),2025-05-10,0.11,46746.75,39413562.07,False
(2023 ML),2025-05-10,0.149,56211.7,36620074.37,False
(2025 FE29),2025-05-10,0.09,23695.31,10495408.5,False
(2025 HX2),2025-05-10,0.08,51247.85,18962936.47,False
(2025 JO),2025-05-10,0.024,56139.16,1431516.66,False
(2025 JU),2025-05-10,0.138,58574.58,19949420.44,False
(2025 JK1),2025-05-10,0.03,28887.19,1240453.73,False
(2025 JW1),2025-05-10,0.038,44279.61,1162986.36,False
(2025 JX1),2025-05-10,0.051,24353.49,850377.39,False
(2025 JC2),2025-05-10,0.283,65044.93,17941326.99,False
(2025 JH2),2025-05-10,0.023,19669.69,3786461.81,False
523809 (2007 TV18),2025-05-11,0.104,25966.33,20693899.31,False
(2004 JP12),2025-05-11,0.124,95958.74,7943591.62,False
(2013 WY43),2025-05-11,0.027,73777.52,54270478.52,False
(2014 QZ295),2025-05-11,0.065,43815.31,14098102.46,False
(2014 UH175),2025-05-11,0.483,76693.29,65290067.03,False
(2015 WA1),2025-05-11,0.257,33336.51,20013120.17,False
(2021 VW22),2025-05-11,0.026,34708.13,71568609.64,False
(2022 KF3),2025-05-11,0.023,108746.64,46521884.4,False
(2024 JG3),2025-05-11,0.174,103484.46,57029895.27,False
(2025 JY1),2025-05-11,0.058,33267.25,12614404.71,False
(2025 KB),2025-05-11,0.07,36115.89,3285092.24,False
(2000 WL63),2025-05-05,0.652,35926.91,41368211.19,False
(2009 OS5),2025-05-05,0.078,51418.86,66673217.04,False
(2019 JM1),2025-05-05,0.094,112254.91,42100639.96,False
(2020 AK),2025-05-05,0.891,38731.92,19896759.64,False
(2020 YF),2025-05-05,0.01,24326.32,37289913.19,False
(2021 VH2),2025-05-05,0.01,28812.42,30889564.49,False
(2022 JP),2025-05-05,0.122,65076.63,53088046.33,False
(2022 ND),2025-05-05,0.051,50327.26,35770836.03,False
(2022 OW1),2025-05-05,0.039,20701.16,64865700.86,False
(2023 UR3),2025-05-05,0.033,29701.94,30936179.48,False
(2024 ET3),2025-05-05,0.012,21478.85,34298383.78,False
(2024 JD2),2025-05-05,0.07,48280.2,36186981.21,False
(2024 TC2),2025-05-05,0.029,26329.73,55379624.02,False
(2025 FA6),2025-05-05,0.112,30500.6,11015645.5,False
(2025 FK6),2025-05-05,0.141,48575.69,27324926.81,False
(2025 FJ18),2025-05-05,0.085,31177.27,12126669.12,False
(2025 JZ1),2025-05-05,0.159,43856.91,2745396.08,False
(2006 TL),2025-05-04,0.099,40593.99,46661265.68,False
(2009 KY1),2025-05-04,0.101,17855.38,18701563.54,False
(2019 UU7),2025-05-04,0.037,58960.58,68116244.85,False
(2019 YO),2025-05-04,0.03,14899.34,32565747.07,False
(2020 JN3),2025-05-04,0.02,60960.41,56357283.19,False
(2020 KR6),2025-05-04,0.583,43711.14,72351619.99,False
(2020 PY2),2025-05-04,0.03,113062.75,72045099.08,False
(2020 SM4),2025-05-04,0.017,71393.0,61713317.61,False
(2021 TR3),2025-05-04,0.049,51264.01,52502683.93,False
(2022 ON1),2025-05-04,0.078,22025.61,67642657.67,False
(2023 SJ4),2025-05-04,0.051,49310.05,22325532.09,False
(2025 HT1),2025-05-04,0.087,46189.43,8638310.35,False
(2025 HN3),2025-05-04,0.05,50395.53,3041147.69,False
(2025 JM),2025-05-04,0.052,40485.58,6552564.58,False
(1998 VE31),2025-05-07,0.363,49215.89,19376080.4,False
(2010 XR69),2025-05-07,0.049,43361.88,67673610.47,False
(2012 RH10),2025-05-07,0.225,81796.05,46709919.38,False
(2017 WY27),2025-05-07,0.016,66834.42,54268604.98,False
(2020 XA6),2025-05-07,0.09,70408.02,11635344.4,False
(2022 FZ3),2025-05-07,0.01,19258.74,60939368.99,False
(2023 JX),2025-05-07,0.168,64612.4,72648953.29,False
(2025 HY2),2025-05-07,0.063,48963.56,6815703.15,False
(2025 JQ1),2025-05-07,0.076,33560.9,14920289.3,False
(2025 JF2),2025-05-07,0.038,60122.93,4572432.31,False
387733 (2003 GS),2025-05-06,0.951,33017.58,23782604.54,False
529951 (2010 UD),2025-05-06,0.361,52120.72,68098539.48,True
(2015 JR1),2025-05-06,0.036,30957.55,11196273.01,False
(2016 JG12),2025-05-06,0.184,27275.02,69671299.33,False
(2017 HQ3),2025-05-06,0.043,61179.76,72121576.04,False
(2019 MG2),2025-05-06,0.222,89542.4,64161860.0,False
(2021 JG1),2025-05-06,0.066,71565.36,55137393.12,False
(2021 JN1),2025-05-06,0.066,58796.22,7004295.27,False
(2021 SV1),2025-05-06,0.03,65925.1,45440383.81,False
(2022 KU3),2025-05-06,0.149,40006.02,54791570.4,False
(2024 TU20),2025-05-06,0.068,29448.49,26665868.29,False
(2025 HF5),2025-05-06,0.041,15416.82,1359101.84,False
(2025 HZ6),2025-05-06,0.07,21489.49,11160585.9,False
(2025 JK),2025-05-06,0.028,19950.43,5066743.35,False
(2025 JA2),2025-05-06,0.131,76617.87,3543319.38,False
(2025 KH13),2025-05-06,0.044,14987.04,4246731.36,False
449089 (2012 SC22),2025-05-09,0.557,50346.88,54715313.74,False
(2002 JX8),2025-05-09,0.488,18495.79,4206591.95,True
(2010 LL68),2025-05-09,0.158,72542.11,58220493.86,False
(2014 YE15),2025-05-09,0.013,36577.31,50055116.2,False
(2017 MM8),2025-05-09,0.181,108154.65,71558598.06,False
(2017 XN61),2025-05-09,0.2,9152.21,26442634.11,False
(2018 AF12),2025-05-09,0.261,132943.97,69973458.47,False
(2020 OY4),2025-05-09,0.005,35255.05,60623372.12,False
(2021 VX3),2025-05-09,0.043,39135.31,63781662.31,False
612356 (2002 JX8),2025-05-09,0.511,18495.7,4206652.67,True
(2022 JO),2025-05-09,0.041,32559.99,8350773.31,False
(2024 UW6),2025-05-09,0.024,25959.86,58445657.29,False
(2025 DJ53),2025-05-09,0.991,63015.8,12546337.77,False
(2025 HK3),2025-05-09,0.127,58220.05,15271152.57,False
(2025 JB2),2025-05-09,0.032,34581.01,5150344.35,False
(2025 KV),2025-05-09,0.101,88611.63,11310229.83,False
(2025 KW2),2025-05-09,0.057,35574.8,21103780.71,False
(2010 VB),2025-05-08,0.045,35199.25,46531564.19,False
(2020 HT8),2025-05-08,0.011,90662.5,30897777.07,False
(2020 KA1),2025-05-08,0.027,44506.75,37479922.85,False
(2020 UM3),2025-05-08,0.082,28030.96,11379639.35,False
(2021 HZ),2025-05-08,0.05,36673.38,7647451.13,False
(2021 RR23),2025-05-08,0.468,92891.0,63086400.39,True
(2023 HV2),2025-05-08,0.065,86393.92,52847252.42,False
(2023 SK3),2025-05-08,0.04,34452.95,43332204.35,False
(2025 HU4),2025-05-08,0.098,87591.93,8031764.47,False
(2025 JE),2025-05-08,0.011,21947.75,366503.77,False
(2025 JO1),2025-05-08,0.119,36189.53,17008577.85,False
(2025 KN1),2025-05-08,0.077,22727.63,13316727.65,False
(2025 KD4),2025-05-08,0.069,17276.89,15332152.57,False
(2005 JR5),2025-04-30,0.226,78443.53,56074469.95,False
(2010 UJ7),2025-04-30,0.049,62969.86,66614387.72,False
(2015 KR120),2025-04-30,0.151,59474.49,41114716.84,False
(2018 GN1),2025-04-30,0.02,53676.97,30005556.87,False
(2018 HS),2025-04-30,0.057,80682.74,34723968.73,False
(2019 UT8),2025-04-30,0.022,63412.08,72709123.58,False
(2022 HE3),2025-04-30,0.051,65184.92,35614251.64,False
(2022 SJ11),2025-04-30,0.031,93477.08,53347319.48,False
(2022 UD7),2025-04-30,0.04,40108.92,32641107.64,False
(2023 TB7),2025-04-30,0.046,34894.71,29933439.28,False
(2024 NH),2025-04-30,0.049,17193.9,31990061.64,False
(2024 RN3),2025-04-30,0.03,30085.91,67076760.31,False
(2025 FX),2025-04-30,0.094,33018.54,13467363.42,False
(2025 HM4),2025-04-30,0.034,68181.17,767144.31,False
(2025 HC6),2025-04-30,0.028,30075.55,8285537.57,False
(2025 JC),2025-04-30,0.052,38686.2,2139989.8,False
(2007 GW4),2025-05-01,0.451,61267.76,70447281.39,False
(2021 CR1),2025-05-01,0.057,48556.4,69098808.08,False
(2021 GT16),2025-05-01,0.02,52254.8,31464966.07,False
(2021 JZ2),2025-05-01,0.156,70195.59,60630567.42,False
(2024 BF),2025-05-01,0.076,16418.46,3635347.53,False
(2025 GT1),2025-05-01,0.06,39868.48,4308271.02,False
(2025 HE1),2025-05-01,0.078,36354.09,12766392.66,False
(2025 HN1),2025-05-01,0.05,22514.94,13368430.02,False
(2025 HF2),2025-05-01,0.074,48137.51,20306711.81,False
(2025 HP3),2025-05-01,0.101,23747.77,28340909.03,False
(2025 JB),2025-05-01,0.019,51293.14,199574.54,False
(2025 JF),2025-05-01,0.012,81718.21,173735.38,False
(2010 AO60),2025-05-03,0.265,59644.52,51908028.38,False
(2013 GF23),2025-05-03,0.108,58251.58,62423130.71,False
(2017 JJ2),2025-05-03,0.057,82611.36,35156445.67,False
(2020 UX),2025-05-03,0.004,26192.47,61954138.84,False
(2021 GP3),2025-05-03,0.09,75509.07,66218775.42,False
(2021 JO),2025-05-03,0.281,132900.32,69017178.91,False
(2021 MD),2025-05-03,0.117,34861.34,39538620.46,False
(2022 UX3),2025-05-03,0.154,79868.47,21693283.25,False
(2022 YH),2025-05-03,0.065,62589.0,71678728.68,False
(2023 FC6),2025-05-03,0.449,41249.9,9694857.53,True
(2024 JM2),2025-05-03,0.104,40536.98,2902752.23,False
(2025 HR5),2025-05-03,0.051,36155.52,14055242.76,False
(2025 JD1),2025-05-03,0.059,24025.12,8952833.29,False
(2025 JT1),2025-05-03,0.11,44992.3,15204593.32,False
(2025 JV1),2025-05-03,0.034,38226.08,3066057.19,False
(2025 JG2),2025-05-03,0.047,38337.54,3825112.19,False
(2004 HQ1),2025-05-02,0.12,54987.41,38591185.14,False
(2009 SA100),2025-05-02,0.099,22094.43,23280141.84,False
(2013 DF),2025-05-02,0.071,41858.7,61623817.99,False
(2014 HS184),2025-05-02,0.13,73432.62,70395021.65,False
(2016 GB1),2025-05-02,0.303,91103.68,9590520.21,False
(2018 TF3),2025-05-02,0.47,86029.97,16396372.53,True
(2019 HO),2025-05-02,0.095,33324.59,20835342.71,False
(2019 JV1),2025-05-02,0.151,58480.19,21823731.11,False
(2021 GU3),2025-05-02,0.025,82314.05,70746267.17,False
(2021 HV1),2025-05-02,0.631,133416.96,26859482.97,False
(2021 UL1),2025-05-02,0.07,30623.58,69561775.25,False
(2022 BH1),2025-05-02,0.391,162470.75,72780519.1,True
(2022 EA3),2025-05-02,0.021,13523.9,50051697.69,False
(2022 UW1),2025-05-02,0.116,55958.53,38122709.07,False
(2025 HR1),2025-05-02,0.022,22799.1,4807623.19,False
(2025 HJ5),2025-05-02,0.026,27985.53,4160595.39,False
(2025 HP22),2025-05-02,0.012,39105.09,493330.87,False
(2025 JA),2025-05-02,0.014,19163.59,510178.19,False
(2025 JJ),2025-05-02,0.033,69998.58,660069.31,False
(2025 JL),2025-05-02,0.086,14241.91,29915455.0,False
(2006 TL),2025-05-04,0.099,40593.99,46661265.68,False
(2009 KY1),2025-05-04,0.101,17855.38,18701563.54,False
(2019 UU7),2025-05-04,0.037,58960.58,68116244.85,False
(2019 YO),2025-05-04,0.03,14899.34,32565747.07,False
(2020 JN3),2025-05-04,0.02,60960.41,56357283.19,False
(2020 KR6),2025-05-04,0.583,43711.14,72351619.99,False
(2020 PY2),2025-05-04,0.03,113062.75,72045099.08,False
(2020 SM4),2025-05-04,0.017,71393.0,61713317.61,False
(2021 TR3),2025-05-04,0.049,51264.01,52502683.93,False
(2022 ON1),2025-05-04,0.078,22025.61,67642657.67,False
(2023 SJ4),2025-05-04,0.051,49310.05,22325532.09,False
(2025 HT1),2025-05-04,0.087,46189.43,8638310.35,False
(2025 HN3),2025-05-04,0.05,50395.53,3041147.69,False
(2025 JM),2025-05-04,0.052,40485.58,6552564.58,False
341843 (2008 EV5),2025-04-27,0.581,26824.04,26121615.5,True
494710 (2005 MO13),2025-04-27,0.415,30139.18,27635734.17,True
(2016 RT20),2025-04-27,0.078,87349.71,72787524.96,False
(2022 GL5),2025-04-27,0.394,136347.42,66913938.13,False
(2022 HL1),2025-04-27,0.05,54536.69,29603553.68,False
(2022 QE6),2025-04-27,0.07,23710.18,72825528.86,False
(2025 FM20),2025-04-27,0.178,48824.0,18827053.54,False
(2025 HV),2025-04-27,0.08,59530.22,5601377.41,False
(2025 HY),2025-04-27,0.03,38613.4,4100775.38,False
(2025 HS1),2025-04-27,0.051,40721.36,5553883.71,False
(2025 HO2),2025-04-27,0.081,28337.34,2675255.99,False
(2025 HQ5),2025-04-27,0.039,39594.5,8466285.83,False
(2025 HB7),2025-04-27,0.044,46528.54,4890469.86,False
(2025 JY),2025-04-27,0.052,33620.71,7601165.9,False
(2000 HB24),2025-04-28,0.108,59048.79,27126275.15,False
(2000 HP40),2025-04-28,0.093,47244.46,58127216.56,False
(2000 JZ8),2025-04-28,0.331,27337.71,20147967.84,False
(2016 GW216),2025-04-28,0.177,17038.69,20027367.23,False
(2020 UQ),2025-04-28,0.025,45909.0,16127555.98,False
(2021 MB2),2025-04-28,0.313,32433.06,62271728.27,True
(2021 TK14),2025-04-28,0.134,36896.76,63742405.84,False
(2022 JA1),2025-04-28,0.05,42500.21,27266045.56,False
(2022 JB2),2025-04-28,0.079,50439.45,30806251.8,False
(2024 TQ9),2025-04-28,0.004,35623.49,46856006.3,False
(2024 VB),2025-04-28,0.011,20833.41,31009890.91,False
(2025 HW1),2025-04-28,0.043,70798.63,1212566.4,False
(2025 HG2),2025-04-28,0.017,17626.46,2455698.28,False
(2025 HL3),2025-04-28,0.073,27198.61,5359578.85,False
(2025 HN4),2025-04-28,0.022,28785.53,650060.89,False
(2025 HP4),2025-04-28,0.018,36445.14,338927.57,False
(2025 HQ4),2025-04-28,0.037,48097.52,1847718.46,False
(2025 HB5),2025-04-28,0.068,30778.32,13563505.41,False
(2025 JG),2025-04-28,0.041,30072.46,4004824.71,False
(2025 JX),2025-04-28,0.019,24381.62,2088936.76,False
(2025 KZ2),2025-04-28,0.062,31118.77,4137636.11,False
155110 (2005 TB),2025-04-29,1.914,70654.74,17545847.26,False
358453 (2007 EH88),2025-04-29,0.64,55123.65,20314021.39,False
(2015 SE),2025-04-29,0.031,31512.29,71506094.22,False
(2016 JV24),2025-04-29,0.096,109830.64,66538556.07,False
(2019 YQ3),2025-04-29,0.031,20629.37,66754088.52,False
(2020 JF1),2025-04-29,0.023,46460.98,19765943.92,False
(2016 FL60),2025-04-29,0.098,50967.17,50172698.34,False
(2024 FR4),2025-04-29,0.04,31876.02,43868236.27,False
(2024 JS),2025-04-29,0.02,39621.49,9352890.55,False
(2024 JP17),2025-04-29,0.026,94070.29,71187790.3,False
(2025 DZ52),2025-04-29,0.128,25533.28,18068104.11,False
(2025 FN6),2025-04-29,0.094,37214.4,10508267.02,False
(2025 FQ16),2025-04-29,0.084,22130.42,20232212.82,False
(2025 HX4),2025-04-29,0.026,12388.49,8559708.97,False
(2025 HL5),2025-04-29,0.044,30185.25,630999.09,False
(2025 HM6),2025-04-29,0.022,38874.33,1986906.07,False
(2025 HS18),2025-04-29,0.02,29787.65,1898780.73,False
(2025 HA19),2025-04-29,0.071,45637.59,2765278.55,False
(2025 JC1),2025-04-29,0.028,32791.98,503446.05,False
(2025 KB2),2025-04-29,0.03,11714.94,4980597.1,False
436030 (2009 JO2),2025-04-20,0.769,58684.64,8490509.75,False
(2002 TX59),2025-04-20,0.099,27017.39,43325421.95,False
(2003 HM),2025-04-20,0.232,50908.29,11234721.81,False
(2018 SN2),2025-04-20,0.078,46180.14,51993480.15,False
(2019 HS2),2025-04-20,0.028,62000.11,36255149.75,False
(2020 XD5),2025-04-20,0.649,48931.28,43706478.69,True
(2020 YW3),2025-04-20,0.042,40769.0,12682643.2,False
(2021 AR),2025-04-20,0.096,73549.33,54465763.93,False
(2022 ET),2025-04-20,0.005,65036.61,51803602.55,False
(2025 FV11),2025-04-20,0.105,26283.57,11554294.71,False
(2025 FK12),2025-04-20,0.036,26474.14,3640353.87,False
(2025 HC),2025-04-20,0.031,55606.94,464735.55,False
(2025 HE),2025-04-20,0.02,39065.72,740197.1,False
(2025 HK),2025-04-20,0.039,59345.68,4659414.23,False
(2025 HZ),2025-04-20,0.009,34161.36,444587.37,False
(2025 HA1),2025-04-20,0.043,64075.42,116299.58,False
(2025 HM3),2025-04-20,0.027,27187.73,7407777.11,False
(2025 HW12),2025-04-20,0.046,38160.65,13781925.84,False
9058 (1992 JB),2025-04-21,1.637,42009.05,15290776.22,False
368184 (2000 RN77),2025-04-21,0.762,38154.71,56859514.67,False
(2008 NP3),2025-04-21,0.161,30239.15,48121779.88,False
(2012 DO8),2025-04-21,0.202,70026.94,61825623.66,False
(2019 UU6),2025-04-21,0.113,73368.81,59231306.77,False
(2020 HJ),2025-04-21,0.052,31986.44,14998186.65,False
(2020 KT),2025-04-21,0.094,28170.03,19422661.52,False
(2020 QN3),2025-04-21,0.382,79587.58,20285596.55,False
(2020 YY3),2025-04-21,0.03,31977.0,71673444.79,False
(2021 JQ),2025-04-21,0.103,50183.29,37217914.72,False
(2023 FK),2025-04-21,0.058,59809.4,58340878.1,False
(2024 GR),2025-04-21,0.017,53799.23,63821334.56,False
(2024 TL10),2025-04-21,0.068,14870.95,17573636.59,False
(2024 UY43),2025-04-21,0.056,14707.78,17581887.35,False
(2025 DY29),2025-04-21,0.052,11728.99,11984075.09,False
(2025 HP),2025-04-21,0.037,48378.39,2774241.28,False
(2025 HS),2025-04-21,0.036,40787.98,3759075.83,False
(2025 HD1),2025-04-21,0.044,59611.86,5031679.78,False
(2025 HG1),2025-04-21,0.017,38343.82,454655.57,False
(2025 HY1),2025-04-21,0.021,25141.65,2195817.55,False
(2025 HV2),2025-04-21,0.098,57255.91,9204859.46,False
(2025 HE3),2025-04-21,0.013,14663.45,905971.24,False
(2025 JS1),2025-04-21,0.052,24809.43,14119956.33,False
(2001 SH276),2025-04-22,0.664,41921.1,31566888.19,False
(2014 HS124),2025-04-22,0.142,31991.34,4169551.32,False
(2020 HE5),2025-04-22,0.017,39370.54,43596759.97,False
(2020 XC4),2025-04-22,0.038,23042.1,54811157.65,False
(2021 YC),2025-04-22,0.041,26485.26,70811221.73,False
(2022 UW16),2025-04-22,0.01,90744.37,70350543.93,False
(2024 FP2),2025-04-22,0.322,59942.31,12802207.77,False
(2025 FC15),2025-04-22,0.06,12892.32,10147733.38,False
(2025 GD1),2025-04-22,0.046,21204.06,1594303.1,False
(2025 HU),2025-04-22,0.019,30901.79,1261644.45,False
(2025 HC1),2025-04-22,0.057,53208.88,8313661.49,False
(2025 HT4),2025-04-22,0.064,23436.13,23015314.78,False
(2025 HC5),2025-04-22,0.023,22343.5,4098469.52,False
(2025 HE5),2025-04-22,0.113,69621.86,9691033.79,False
223456 (2003 UB10),2025-04-23,1.318,27504.88,26648299.25,False
439437 (2013 NK4),2025-04-23,0.964,81230.92,28314051.24,True
(2009 HG),2025-04-23,0.081,22528.06,23833519.35,False
(2014 JF15),2025-04-23,0.05,36789.7,22648352.83,False
(2014 UV34),2025-04-23,0.062,16764.01,14743029.43,False
(2015 XT1),2025-04-23,0.125,52315.42,64314496.82,False
(2016 VS1),2025-04-23,0.041,29491.81,38229692.27,False
(2017 FQ101),2025-04-23,0.059,26445.62,19321953.75,False
(2019 TY6),2025-04-23,0.058,46289.41,52018468.58,False
(2020 TM6),2025-04-23,0.036,31711.02,55564173.02,False
(2021 JY),2025-04-23,1.047,77746.04,28919645.41,True
(2021 JV5),2025-04-23,0.057,57107.06,60525676.99,False
(2021 UF1),2025-04-23,0.058,34499.47,26258433.82,False
(2022 HL2),2025-04-23,0.036,63941.94,64735146.77,False
(2023 GJ2),2025-04-23,0.045,67404.82,50821577.92,False
(2023 QM1),2025-04-23,0.047,71726.44,73690144.39,False
(2025 FS16),2025-04-23,0.08,47227.44,7873181.35,False
(2025 HF),2025-04-23,0.045,32828.42,887939.5,False
(2025 HN),2025-04-23,0.026,41392.45,2001649.47,False
(2025 HH1),2025-04-23,0.054,64603.67,5279652.37,False
(2025 HE2),2025-04-23,0.064,5005.7,28879302.98,False
(2025 HX3),2025-04-23,0.02,36629.29,1144385.23,False
(2025 HO4),2025-04-23,0.069,71701.11,4590051.67,False
(2002 JQ100),2025-04-24,0.652,97122.59,56162827.89,False
(2011 DV),2025-04-24,0.425,23032.81,20010993.41,True
(2013 GR38),2025-04-24,0.241,63180.0,14680317.58,True
(2013 HJ19),2025-04-24,0.298,49996.74,74695030.65,False
(2014 YE1),2025-04-24,0.124,102196.54,55154696.37,False
(2018 RW1),2025-04-24,0.124,31732.67,43493480.39,False
(2019 FY2),2025-04-24,0.02,19132.38,4885087.3,False
(2019 SW9),2025-04-24,0.075,24993.1,69299819.22,False
(2020 HX4),2025-04-24,0.033,32102.85,30196849.22,False
(2020 MK3),2025-04-24,0.041,46460.81,23140536.15,False
(2021 GC1),2025-04-24,0.013,52231.09,49388439.63,False
(2022 LA3),2025-04-24,0.038,32068.24,25779029.54,False
(2023 AR),2025-04-24,0.059,132519.6,36306755.47,False
(2023 LO),2025-04-24,0.018,55509.16,52601051.29,False
(2023 UP2),2025-04-24,0.027,52793.0,30662419.5,False
(2024 HZ),2025-04-24,0.011,41248.3,23163503.02,False
(2024 WC15),2025-04-24,0.398,48131.13,26931101.47,True
(2025 HM),2025-04-24,0.174,41818.83,5798018.28,False
(2025 HX),2025-04-24,0.018,45498.12,1358625.34,False
(2025 HF1),2025-04-24,0.033,53094.81,394026.07,False
(2025 HS3),2025-04-24,0.101,43402.8,26906698.17,False
(2025 HO12),2025-04-24,0.013,39331.95,1576125.85,False
462959 (2011 DU),2025-04-25,0.363,34142.93,4930680.17,True
(2006 GU2),2025-04-25,0.016,78642.63,73671137.69,False
(2011 GJ44),2025-04-25,0.259,61134.17,40281446.6,False
(2018 HH2),2025-04-25,0.141,34815.21,24935803.37,False
(2019 TB7),2025-04-25,0.026,30114.26,34926053.06,False
(2020 HY6),2025-04-25,0.025,76143.31,54690947.26,False
(2021 VL3),2025-04-25,0.012,29807.75,73872184.11,False
(2023 FF4),2025-04-25,0.013,31620.24,16756009.57,False
(2024 EW1),2025-04-25,0.026,54553.41,60682127.29,False
(2025 FL4),2025-04-25,0.119,35567.94,18106683.59,False
(2025 FR18),2025-04-25,0.189,72120.95,10214166.79,False
(2025 FK28),2025-04-25,0.105,42920.16,6369615.78,False
(2025 HT),2025-04-25,0.029,24432.93,1251974.4,False
(2025 HV1),2025-04-25,0.13,21633.84,16294978.01,False
(2025 HU2),2025-04-25,0.01,25468.02,408896.97,False
(2025 HR4),2025-04-25,0.019,23355.51,1038585.46,False
(2025 JP1),2025-04-25,0.028,32913.0,1995743.27,False
434500 (2005 SB71),2025-04-26,0.342,74712.78,70862359.32,False
(2013 NJ4),2025-04-26,0.02,20758.39,45426389.26,False
(2014 GL49),2025-04-26,0.419,64242.38,14547385.48,False
(2015 XF352),2025-04-26,0.313,55146.28,10433838.16,False
(2017 ED3),2025-04-26,0.089,60092.97,58364930.45,False
(2017 QC17),2025-04-26,0.216,51040.94,70416215.87,False
(2019 WK),2025-04-26,0.143,66644.29,65929930.36,False
(2021 JX),2025-04-26,0.02,48643.13,28557190.75,False
(2022 AC),2025-04-26,0.051,42601.68,69724014.71,False
(2022 YV5),2025-04-26,0.052,32890.31,45543898.57,False
(2023 BJ7),2025-04-26,0.011,38571.98,59765649.46,False
(2023 MT2),2025-04-26,0.12,27768.09,31882102.19,False
(2024 UW2),2025-04-26,0.061,47374.8,25842471.1,False
(2025 FN12),2025-04-26,0.373,83055.59,26710340.98,False
(2025 HM1),2025-04-26,0.07,32780.44,20655675.4,False
(2025 HP1),2025-04-26,0.025,30597.99,3536352.65,False
(2025 HT2),2025-04-26,0.067,30078.66,11936261.73,False
(2025 HR3),2025-04-26,0.056,11852.22,26369130.94,False
(2025 HB13),2025-04-26,0.031,35050.35,4321960.39,False
341843 (2008 EV5),2025-04-27,0.581,26824.04,26121615.5,True
494710 (2005 MO13),2025-04-27,0.415,30139.18,27635734.17,True
(2016 RT20),2025-04-27,0.078,87349.71,72787524.96,False
(2022 GL5),2025-04-27,0.394,136347.42,66913938.13,False
(2022 HL1),2025-04-27,0.05,54536.69,29603553.68,False
(2022 QE6),2025-04-27,0.07,23710.18,72825528.86,False
(2025 FM20),2025-04-27,0.178,48824.0,18827053.54,False
(2025 HV),2025-04-27,0.08,59530.22,5601377.41,False
(2025 HY),2025-04-27,0.03,38613.4,4100775.38,False
(2025 HS1),2025-04-27,0.051,40721.36,5553883.71,False
(2025 HO2),2025-04-27,0.081,28337.34,2675255.99,False
(2025 HQ5),2025-04-27,0.039,39594.5,8466285.83,False
(2025 HB7),2025-04-27,0.044,46528.54,4890469.86,False
(2025 JY),2025-04-27,0.052,33620.71,7601165.9,False
436030 (2009 JO2),2025-04-20,0.769,58684.64,8490509.75,False
(2002 TX59),2025-04-20,0.099,27017.39,43325421.95,False
(2003 HM),2025-04-20,0.232,50908.29,11234721.81,False
(2018 SN2),2025-04-20,0.078,46180.14,51993480.15,False
(2019 HS2),2025-04-20,0.028,62000.11,36255149.75,False
(2020 XD5),2025-04-20,0.649,48931.28,43706478.69,True
(2020 YW3),2025-04-20,0.042,40769.0,12682643.2,False
(2021 AR),2025-04-20,0.096,73549.33,54465763.93,False
(2022 ET),2025-04-20,0.005,65036.61,51803602.55,False
(2025 FV11),2025-04-20,0.105,26283.57,11554294.71,False
(2025 FK12),2025-04-20,0.036,26474.14,3640353.87,False
(2025 HC),2025-04-20,0.031,55606.94,464735.55,False
(2025 HE),2025-04-20,0.02,39065.72,740197.1,False
(2025 HK),2025-04-20,0.039,59345.68,4659414.23,False
(2025 HZ),2025-04-20,0.009,34161.36,444587.37,False
(2025 HA1),2025-04-20,0.043,64075.42,116299.58,False
(2025 HM3),2025-04-20,0.027,27187.73,7407777.11,False
(2025 HW12),2025-04-20,0.046,38160.65,13781925.84,False
(2015 AQ45),2025-04-13,0.305,20568.67,22671461.55,False
(2020 HB6),2025-04-13,0.086,74844.23,62187683.3,False
(2021 GU1),2025-04-13,0.068,78326.81,62330347.86,False
(2023 BM4),2025-04-13,0.107,18299.18,24625585.62,False
(2023 RX1),2025-04-13,0.005,4964.0,6940661.31,False
(2024 VW),2025-04-13,0.063,51105.07,39774115.62,False
(2025 FV13),2025-04-13,0.048,18105.07,6977300.97,False
(2025 GK),2025-04-13,0.061,42978.26,6639207.25,False
784199 (2015 AQ45),2025-04-13,0.305,20568.67,22671461.2,False
(2025 HO1),2025-04-13,0.018,29870.54,3826118.95,False
(2025 HW2),2025-04-13,0.203,50189.67,22910542.22,False
(2003 GJ21),2025-04-14,0.156,55396.84,59053024.91,False
(2008 YN2),2025-04-14,0.033,20718.91,36398147.53,False
(2016 VU1),2025-04-14,0.071,51611.03,59141956.4,False
(2019 VP3),2025-04-14,0.014,37968.64,15749850.38,False
(2021 GN),2025-04-14,0.121,81966.45,71979124.61,False
(2024 GU3),2025-04-14,0.041,62563.91,70399452.65,False
(2025 FY13),2025-04-14,0.063,19191.22,18382583.71,False
(2025 GP1),2025-04-14,0.037,21250.26,2187915.42,False
(2016 GF216),2025-04-15,0.062,35993.12,44923732.48,False
(2017 HZ49),2025-04-15,0.047,62615.17,63938523.22,False
(2021 TU4),2025-04-15,0.033,73617.51,61402059.51,False
(2021 WT1),2025-04-15,0.137,48588.26,15645293.24,False
(2022 HB4),2025-04-15,0.589,190513.42,66052706.02,False
(2022 UO),2025-04-15,0.029,58283.69,7583481.14,False
(2022 UO12),2025-04-15,0.013,72555.37,18910506.99,False
(2023 TX6),2025-04-15,0.009,27934.94,38880884.9,False
(2023 TV9),2025-04-15,0.068,29428.4,14348181.24,False
(2023 UH),2025-04-15,0.035,39447.9,3383491.38,False
(2024 AV),2025-04-15,0.029,29544.23,23506065.49,False
(2024 UY9),2025-04-15,0.037,27643.47,16683019.67,False
(2025 DC36),2025-04-15,0.102,17732.54,5430737.68,False
(2025 GQ1),2025-04-15,0.04,35393.14,1052192.22,False
(2025 GS1),2025-04-15,0.008,37953.23,37989.92,False
(2025 HD),2025-04-15,0.051,24494.02,4138253.01,False
(2025 HW),2025-04-15,0.027,36195.62,2788644.44,False
(2025 HC2),2025-04-15,0.039,35204.34,4139086.93,False
(2011 VG9),2025-04-16,0.208,85519.54,4659617.64,False
(2012 HF2),2025-04-16,0.068,45277.62,7478728.52,False
(2020 HF),2025-04-16,0.054,48210.45,27101471.66,False
(2020 WT4),2025-04-16,0.016,25721.25,39196605.1,False
(2021 HU),2025-04-16,0.052,52981.02,18154340.19,False
(2021 VX4),2025-04-16,0.016,28864.24,71675701.76,False
(2022 HK4),2025-04-16,0.033,66903.47,44238434.72,False
(2024 JT8),2025-04-16,0.658,85224.76,74658911.02,False
(2024 SA5),2025-04-16,0.08,29867.95,63000158.19,False
(2025 HB2),2025-04-16,0.058,59406.66,14482348.99,False
474611 (2004 SB56),2025-04-17,0.832,36770.01,62818667.71,False
(2005 GD60),2025-04-17,0.272,78961.8,56689685.63,True
(2012 VK76),2025-04-17,0.31,59859.51,29919477.55,False
(2017 RN16),2025-04-17,0.01,31187.82,4190118.2,False
(2019 HQ),2025-04-17,0.033,42673.63,21799959.98,False
(2020 HU1),2025-04-17,0.119,76745.34,21038913.84,False
(2020 HW3),2025-04-17,0.226,116942.46,32389361.9,False
(2021 PQ6),2025-04-17,0.153,38012.46,8555617.17,False
(2021 SK5),2025-04-17,0.026,26010.42,68481643.01,False
(2022 FN1),2025-04-17,0.069,17390.43,18594214.59,False
(2020 CO8),2025-04-17,0.015,23371.27,52091856.7,False
(2022 JV1),2025-04-17,0.019,19206.64,9667937.38,False
(2022 SQ4),2025-04-17,0.089,60386.01,72031091.29,False
(2024 RE),2025-04-17,0.125,27180.5,38203532.91,False
(2024 UZ6),2025-04-17,0.003,19872.8,31663579.94,False
(2024 VO2),2025-04-17,0.023,23905.22,22822827.77,False
(2025 FL20),2025-04-17,0.024,12134.0,5012512.6,False
(2025 FJ22),2025-04-17,0.042,13911.59,11675864.72,False
(2025 GV),2025-04-17,0.069,62562.86,6096757.6,False
(2025 HH),2025-04-17,0.004,33362.75,27855.47,False
(2025 HQ),2025-04-17,0.031,33866.98,2055603.45,False
(2025 HU1),2025-04-17,0.016,28230.3,2658433.45,False
(2025 HZ2),2025-04-17,0.048,66106.07,11486357.08,False
(2025 HD3),2025-04-17,0.053,45749.99,5055335.3,False
(1996 FQ3),2025-04-18,0.419,29735.58,21878258.84,False
(2018 JC5),2025-04-18,0.174,28906.84,24027527.21,False
(2020 JF3),2025-04-18,0.212,82424.93,26260632.7,False
(2021 GE8),2025-04-18,0.042,44155.72,24851857.28,False
(2021 PZ9),2025-04-18,0.024,24357.72,32569693.92,False
(2021 XZ),2025-04-18,0.014,30430.82,48279518.99,False
(2023 HU3),2025-04-18,0.059,66315.59,11901577.04,False
(2024 XY5),2025-04-18,0.038,11983.9,28322662.1,False
(2025 CQ2),2025-04-18,0.171,32670.54,21581762.06,False
(2025 DJ7),2025-04-18,0.103,8472.8,21038178.48,False
(2025 FT5),2025-04-18,0.051,15559.83,7798278.37,False
(2025 GL1),2025-04-18,0.121,58752.48,6659490.61,False
(2025 HR),2025-04-18,0.031,44937.72,2249682.51,False
(2025 HQ1),2025-04-18,0.041,24402.32,2162503.24,False
(2025 HQ3),2025-04-18,0.026,11524.91,6685303.37,False
(2025 HA5),2025-04-18,0.029,45981.24,1270022.7,False
(2010 GK65),2025-04-19,0.075,84084.34,51986746.23,False
(2015 HW10),2025-04-19,0.043,56177.49,53913770.67,False
(2021 VW10),2025-04-19,0.125,48848.95,42145817.96,False
(2022 SR4),2025-04-19,0.043,64459.26,41184493.64,False
(2023 GH2),2025-04-19,0.108,51240.05,31347068.81,False
(2023 TK12),2025-04-19,0.042,74876.32,59213611.19,False
(2024 HB),2025-04-19,0.015,53494.68,17049103.87,False
(2024 UJ1),2025-04-19,0.027,43501.54,39320939.33,False
(2025 FA16),2025-04-19,0.112,22850.33,23667602.9,False
(2025 FY22),2025-04-19,0.055,33050.59,3612447.34,False
(2025 HB),2025-04-19,0.017,22095.17,592206.07,False
(2025 HG),2025-04-19,0.028,45123.43,661930.6,False
(2025 HO),2025-04-19,0.008,41318.67,187099.6,False
(2025 HB1),2025-04-19,0.083,39720.75,5456471.08,False
(2025 HP5),2025-04-19,0.1,33125.04,11863584.04,False
(2010 HX107),2025-04-10,0.116,60430.52,50329194.04,False
(2011 HN5),2025-04-10,0.057,65054.38,57292196.41,False
(2013 JO7),2025-04-10,0.038,45809.03,49934823.85,False
(2014 TL),2025-04-10,0.016,25285.92,19334957.62,False
(2019 US14),2025-04-10,0.226,65442.43,61372928.72,False
(2022 FD4),2025-04-10,0.154,134489.95,67113540.3,False
(2023 GF),2025-04-10,0.071,90572.3,74780501.7,False
(2023 GR),2025-04-10,0.096,32366.98,15715158.84,False
(2023 GQ1),2025-04-10,0.005,39294.76,46010438.21,False
(2024 BD4),2025-04-10,0.03,41101.38,49902919.38,False
(2024 UM2),2025-04-10,0.061,27204.16,54824598.93,False
(2024 VO),2025-04-10,0.004,8067.82,18434173.77,False
(2025 DC2),2025-04-10,0.165,34838.29,17994123.7,False
(2025 FG4),2025-04-10,0.054,18911.79,8748983.3,False
(2025 FN4),2025-04-10,0.174,65013.36,25133089.37,False
(2025 FX22),2025-04-10,0.034,44778.56,3879002.55,False
(2025 HL1),2025-04-10,0.017,23203.54,2404331.87,False
512245 (2016 AU8),2025-04-11,0.619,67952.51,66368739.34,False
(2015 HE10),2025-04-11,0.036,66217.73,53627295.25,False
(2019 GF1),2025-04-11,0.019,58883.11,72914609.53,False
(2020 BP8),2025-04-11,0.047,84334.03,39462157.34,False
(2020 DX1),2025-04-11,0.03,19851.38,33446276.9,False
(2021 GQ172),2025-04-11,0.149,12859.92,58494612.4,False
(2022 WY5),2025-04-11,0.299,30757.13,25690174.08,False
(2023 FN13),2025-04-11,0.021,28194.3,16403972.55,False
(2023 HG),2025-04-11,0.023,30875.92,1405234.53,False
(2023 KU),2025-04-11,0.2,64827.03,1057374.86,False
(2023 UG),2025-04-11,0.029,16632.08,23277651.8,False
(2025 FX18),2025-04-11,0.126,35858.27,17881984.39,False
(2025 FT19),2025-04-11,0.057,21122.76,11651953.83,False
527977 (2008 EY68),2025-04-12,0.206,133896.0,74405925.66,False
(2008 XS),2025-04-12,0.023,26858.31,71776455.3,False
(2015 FS33),2025-04-12,0.179,74518.44,5610110.7,False
(2016 AX164),2025-04-12,0.034,18979.61,60969809.49,False
(2017 HG4),2025-04-12,0.017,32621.97,26724028.04,False
(2018 RF2),2025-04-12,0.014,51965.85,23826552.45,False
(2018 TZ1),2025-04-12,0.059,55894.2,54117496.91,False
(2020 BS9),2025-04-12,0.034,57408.31,54497976.07,False
(2020 HO5),2025-04-12,0.012,48827.02,61806736.65,False
(2021 CY5),2025-04-12,0.044,22484.49,15339115.41,False
(2023 DN),2025-04-12,0.035,66496.62,64392252.34,False
(2023 VX1),2025-04-12,0.048,106953.36,55655630.04,False
(2025 DG7),2025-04-12,0.242,37419.09,25368529.49,False
(2025 FP10),2025-04-12,0.986,50241.29,4150006.36,True
(2025 HJ),2025-04-12,0.122,76919.23,17275025.91,False
(2015 AQ45),2025-04-13,0.305,20568.67,22671461.55,False
(2020 HB6),2025-04-13,0.086,74844.23,62187683.3,False
(2021 GU1),2025-04-13,0.068,78326.81,62330347.86,False
(2023 BM4),2025-04-13,0.107,18299.18,24625585.62,False
(2023 RX1),2025-04-13,0.005,4964.0,6940661.31,False
(2024 VW),2025-04-13,0.063,51105.07,39774115.62,False
(2025 FV13),2025-04-13,0.048,18105.07,6977300.97,False
(2025 GK),2025-04-13,0.061,42978.26,6639207.25,False
784199 (2015 AQ45),2025-04-13,0.305,20568.67,22671461.2,False
(2025 HO1),2025-04-13,0.018,29870.54,3826118.95,False
(2025 HW2),2025-04-13,0.203,50189.67,22910542.22,False
(2019 TC2),2025-04-06,0.016,87619.85,70498067.34,False
(2021 RO16),2025-04-06,0.029,53682.73,37016688.35,False
(2022 GO),2025-04-06,0.042,97799.07,70713371.51,False
(2022 GO3),2025-04-06,0.025,54278.21,24558765.12,False
(2023 FQ13),2025-04-06,0.164,60032.18,29256449.25,False
(2025 DV40),2025-04-06,0.169,47190.52,6428465.55,False
(2025 FX14),2025-04-06,0.059,53473.53,5057926.66,False
(2025 FO15),2025-04-06,0.036,51214.68,4316101.69,False
(2025 GY),2025-04-06,0.012,33234.67,346160.69,False
(2025 GH1),2025-04-06,0.047,16817.55,5239957.7,False
(2025 HJ1),2025-04-06,0.05,27814.83,8503197.7,False
(2025 HD43),2025-04-06,0.073,40474.99,19101641.89,False
(2003 GQ22),2025-04-07,0.324,32031.68,7500278.15,True
(2010 VD72),2025-04-07,0.292,44145.99,42217986.95,True
(2015 SC17),2025-04-07,0.153,76941.45,59482628.27,False
(2016 CP247),2025-04-07,0.113,10554.59,72892005.98,False
(2018 UQ1),2025-04-07,0.242,75905.19,47149702.33,True
(2020 RF2),2025-04-07,0.047,98115.58,58761758.77,False
(2021 FE3),2025-04-07,0.088,61127.27,48429455.76,False
(2021 XA1),2025-04-07,0.024,58990.64,74734305.97,False
(2025 FZ5),2025-04-07,0.161,36111.92,25321654.23,False
(2025 FS10),2025-04-07,0.061,20708.58,11756151.49,False
(2025 FF15),2025-04-07,0.16,26427.66,28634759.19,False
(2025 FF22),2025-04-07,0.078,11777.54,23941250.27,False
(2025 GW),2025-04-07,0.022,27369.46,890333.04,False
(2025 GC1),2025-04-07,0.142,78043.13,16490811.89,False
(2025 HD2),2025-04-07,0.098,53946.23,22348223.78,False
(2025 HP6),2025-04-07,0.434,87565.84,29488163.15,False
85953 (1999 FK21),2025-04-08,1.413,68356.99,12078251.71,False
(2003 HN16),2025-04-08,0.221,60494.56,55086209.92,False
(2005 KA),2025-04-08,0.068,37065.22,30606735.33,False
(2010 HA),2025-04-08,0.099,45929.19,37585103.2,False
(2016 FY2),2025-04-08,0.047,63066.88,64253465.94,False
(2020 RB6),2025-04-08,0.052,118362.81,70119118.57,False
(2021 GA168),2025-04-08,0.01,96364.78,12069538.57,False
(2022 SY24),2025-04-08,0.01,54248.39,19087290.04,False
(2025 DL28),2025-04-08,0.069,20158.67,6208894.56,False
(2025 FN14),2025-04-08,0.065,28419.87,5188277.26,False
(2025 FF18),2025-04-08,0.04,27050.5,3293825.69,False
(2025 GT),2025-04-08,0.026,48326.45,1779895.58,False
(2025 GK1),2025-04-08,0.061,40152.95,6274624.21,False
(2025 GR1),2025-04-08,0.046,37669.43,1753191.11,False
(2025 HA),2025-04-08,0.147,73166.8,7375128.74,False
(2025 HJ3),2025-04-08,0.033,19683.43,4855651.79,False
(2025 HV3),2025-04-08,0.063,37811.69,12122027.66,False
(2008 FW6),2025-04-09,0.375,96437.72,65299890.65,True
(2014 TL17),2025-04-09,0.156,31665.84,8937622.01,False
(2017 PK25),2025-04-09,0.052,61407.63,66855344.86,False
(2022 PX),2025-04-09,0.082,57476.67,70863889.74,False
(2022 SW),2025-04-09,0.056,76463.35,71281026.6,False
(2023 UY3),2025-04-09,0.025,10756.29,10527786.52,False
(2024 SM4),2025-04-09,0.092,38603.97,70611388.13,False
(2024 UZ9),2025-04-09,0.076,61125.44,64958929.58,False
(2025 FW12),2025-04-09,0.162,68150.76,21219321.16,False
(2025 GX),2025-04-09,0.026,14234.19,3061344.57,False
(2025 GA1),2025-04-09,0.026,18967.61,4794782.51,False
(2025 HX1),2025-04-09,0.073,32649.66,7531629.2,False
(2014 UV210),2025-03-30,0.025,11540.52,30347482.75,False
(2015 GK),2025-03-30,0.038,60327.97,23312095.95,False
(2016 CK137),2025-03-30,0.021,32222.11,70026078.45,False
(2016 UR5),2025-03-30,0.027,71307.51,70834158.21,False
(2017 FO91),2025-03-30,0.057,25472.96,16311206.21,False
(2020 BM1),2025-03-30,0.045,67371.89,59285471.32,False
(2020 TR1),2025-03-30,0.023,23648.51,45082580.52,False
(2020 VA4),2025-03-30,0.019,20288.33,4443922.09,False
(2023 HJ1),2025-03-30,0.031,30154.67,16479710.17,False
(2024 SP2),2025-03-30,0.009,18000.76,26596673.33,False
(2024 TV20),2025-03-30,0.118,39015.03,63022797.55,False
(2024 UY17),2025-03-30,0.005,22613.31,56774129.63,False
(2025 EJ1),2025-03-30,0.112,44951.04,13094642.21,False
(2025 FA4),2025-03-30,0.031,18872.72,10551996.28,False
(2025 FV5),2025-03-30,0.08,35451.75,19844643.33,False
(2025 FW7),2025-03-30,0.124,63582.22,8496775.31,False
(2025 FW11),2025-03-30,0.04,43198.79,2267317.38,False
(2025 FX12),2025-03-30,0.046,9660.63,15324561.46,False
(2025 FR13),2025-03-30,0.086,58792.08,1332409.45,False
(2025 FG18),2025-03-30,0.021,30166.31,1493490.48,False
(2025 GR),2025-03-30,0.04,54568.43,3268649.25,False
414800 (2010 SV3),2025-03-31,0.429,40882.04,23602491.09,False
(2005 SL),2025-03-31,0.196,34398.11,5510062.6,False
(2007 YN56),2025-03-31,0.149,33000.25,71833036.07,False
(2014 GT34),2025-03-31,0.278,61277.53,18662330.71,False
(2016 XB2),2025-03-31,0.292,64073.98,28009402.72,False
(2017 GL6),2025-03-31,0.145,56384.76,39192210.38,False
(2018 WE1),2025-03-31,0.036,31161.04,60249226.92,False
(2021 JL6),2025-03-31,0.067,21786.25,45166227.45,False
(2021 TX1),2025-03-31,0.021,116664.8,72417374.8,False
(2021 TZ2),2025-03-31,0.067,29581.67,46373400.36,False
(2024 FN3),2025-03-31,0.051,38409.51,36445222.56,False
(2025 FZ3),2025-03-31,0.031,25673.28,3233044.87,False
(2025 FQ7),2025-03-31,0.023,52643.34,2858211.53,False
(2025 FS11),2025-03-31,0.057,44992.13,6929486.79,False
(2025 FT14),2025-03-31,0.112,63794.07,16367659.47,False
(2025 FO20),2025-03-31,0.027,16759.9,3615796.26,False
(2025 GJ1),2025-03-31,0.043,16467.11,4171118.13,False
(2025 GO1),2025-03-31,0.081,28124.0,2927097.33,False
(2025 HK1),2025-03-31,0.107,36557.7,28313723.41,False
4034 Vishnu (1986 PA),2025-04-01,1.197,43128.81,23450595.57,True
(2014 GJ1),2025-04-01,0.086,21198.98,14228541.17,False
(2015 FU117),2025-04-01,0.077,24318.78,26632062.51,False
(2016 ED86),2025-04-01,0.052,57421.54,62026612.1,False
(2018 FF2),2025-04-01,0.284,71182.91,46523412.17,False
(2021 GN1),2025-04-01,0.031,50027.28,11080614.49,False
(2022 FR3),2025-04-01,0.18,26770.84,2532351.16,False
(2023 HM4),2025-04-01,0.017,26272.29,32074599.22,False
(2023 YH2),2025-04-01,0.192,82500.52,73295088.16,False
(2024 GM2),2025-04-01,0.136,65769.44,72840664.38,False
(2025 BQ2),2025-04-01,0.124,40048.99,24070970.43,False
(2025 DO7),2025-04-01,0.196,35584.89,22552968.95,False
(2025 FC6),2025-04-01,0.037,41073.42,4524128.45,False
(2025 FL7),2025-04-01,0.034,31446.8,4844882.32,False
(2025 FM7),2025-04-01,0.065,25363.04,13989641.94,False
(2025 FC8),2025-04-01,0.027,27242.81,7635976.09,False
(2025 FU14),2025-04-01,0.137,44106.25,21366032.23,False
(2025 FR16),2025-04-01,0.049,21733.29,19104822.18,False
(2025 FH21),2025-04-01,0.02,38102.31,1149656.49,False
(2025 GO),2025-04-01,0.039,29950.49,4008993.1,False
(2007 VZ137),2025-04-02,0.284,99470.25,54315588.86,True
(2013 RU5),2025-04-02,0.474,114647.65,58886435.04,False
(2016 WH),2025-04-02,0.023,63965.33,33819619.84,False
(2019 JG1),2025-04-02,0.028,20754.81,60953428.53,False
(2019 RE3),2025-04-02,0.16,62551.06,41398926.81,False
(2019 UJ),2025-04-02,0.025,48726.69,27311710.33,False
(2020 OG3),2025-04-02,0.026,28129.8,66524804.33,False
(2021 GD5),2025-04-02,0.022,66928.55,49099588.35,False
(2021 TK13),2025-04-02,0.049,17959.76,20594775.2,False
(2021 VC9),2025-04-02,0.023,24161.26,55975021.6,False
(2022 FX1),2025-04-02,0.041,37772.7,28027793.89,False
(2023 FT),2025-04-02,0.063,35386.4,13746738.85,False
(2024 UU2),2025-04-02,0.034,34845.11,46896431.18,False
(2025 DE6),2025-04-02,0.191,30638.07,10196426.95,False
(2025 FP6),2025-04-02,0.043,36265.47,7395728.48,False
(2025 FV7),2025-04-02,0.086,34758.6,11309635.44,False
(2025 FM18),2025-04-02,0.008,46131.22,277546.65,False
(2025 FN20),2025-04-02,0.075,68366.1,6123423.68,False
(2025 GA),2025-04-02,0.011,38355.0,85027.91,False
(2025 GL),2025-04-02,0.008,20997.54,434635.64,False
(2025 GG1),2025-04-02,0.07,34912.3,9968074.91,False
474163 (1999 SO5),2025-04-03,0.391,26905.53,10390261.54,True
(2019 UN2),2025-04-03,0.057,63023.2,59379197.34,False
(2020 SM2),2025-04-03,0.011,24669.08,58938723.67,False
(2021 VP6),2025-04-03,0.288,75575.35,69768617.51,False
(2024 UD6),2025-04-03,0.02,14989.59,34385657.32,False
(2025 FY14),2025-04-03,0.022,23242.26,549537.36,False
(2025 FA15),2025-04-03,0.045,78952.05,2079577.25,False
(2025 FO16),2025-04-03,0.033,44881.62,2091294.33,False
(2025 GB),2025-04-03,0.064,30309.64,723468.28,False
(2025 GJ),2025-04-03,0.012,21233.43,1450290.21,False
(2025 GM),2025-04-03,0.064,73150.89,9080652.99,False
(2025 GN),2025-04-03,0.054,37941.99,2784462.1,False
(2025 JB3),2025-04-03,0.129,38413.23,29091977.71,False
(2004 FC18),2025-04-04,0.087,66436.55,7033760.8,False
(2014 GQ17),2025-04-04,0.023,49314.51,39063153.94,False
(2017 FA102),2025-04-04,0.047,54558.64,4491937.81,False
(2020 CE),2025-04-04,0.059,46936.25,52054702.36,False
(2020 FH4),2025-04-04,0.012,10789.62,4898663.5,False
(2020 XT2),2025-04-04,0.069,22256.74,5268995.48,False
(2023 GC2),2025-04-04,0.021,22504.36,6612214.89,False
(2023 HR1),2025-04-04,0.034,98890.29,63158199.57,False
(2023 TH4),2025-04-04,0.023,61308.09,65695070.06,False
(2024 HA),2025-04-04,0.003,42689.0,59766102.85,False
(2024 UL8),2025-04-04,0.028,52533.95,55925146.09,False
(2025 FF3),2025-04-04,0.094,26268.63,8892985.72,False
(2025 FW5),2025-04-04,0.104,73271.4,5079236.75,False
(2025 DM53),2025-04-04,0.048,20241.78,10030984.11,False
(2025 FO7),2025-04-04,0.063,40389.6,11211854.15,False
(2025 GH),2025-04-04,0.07,73986.88,903944.68,False
(2025 HW4),2025-04-04,0.059,18512.05,20176146.74,False
(2005 GR33),2025-04-05,0.222,91815.57,60596016.52,False
(2007 SQ6),2025-04-05,0.212,23674.84,4192064.39,False
(2012 FT35),2025-04-05,0.009,49217.33,44568211.18,False
(2014 WU202),2025-04-05,0.026,21340.92,63275606.13,False
(2014 WP362),2025-04-05,0.136,45774.18,59369123.3,False
(2018 KF1),2025-04-05,0.041,69954.23,55173852.93,False
(2020 GM2),2025-04-05,0.113,89873.92,50762304.96,False
(2020 HR8),2025-04-05,0.025,28331.35,28473593.24,False
(2025 BC10),2025-04-05,0.794,82523.87,3705982.65,True
(2025 FU7),2025-04-05,0.036,28520.07,7578164.58,False
(2025 FM12),2025-04-05,0.024,25168.85,4186965.7,False
(2025 GD),2025-04-05,0.068,42025.47,949804.45,False
(2025 GS),2025-04-05,0.013,35778.46,170834.89,False
(2025 HL),2025-04-05,0.165,61486.68,17157377.48,False
(2019 TC2),2025-04-06,0.016,87619.85,70498067.34,False
(2021 RO16),2025-04-06,0.029,53682.73,37016688.35,False
(2022 GO),2025-04-06,0.042,97799.07,70713371.51,False
(2022 GO3),2025-04-06,0.025,54278.21,24558765.12,False
(2023 FQ13),2025-04-06,0.164,60032.18,29256449.25,False
(2025 DV40),2025-04-06,0.169,47190.52,6428465.55,False
(2025 FX14),2025-04-06,0.059,53473.53,5057926.66,False
(2025 FO15),2025-04-06,0.036,51214.68,4316101.69,False
(2025 GY),2025-04-06,0.012,33234.67,346160.69,False
(2025 GH1),2025-04-06,0.047,16817.55,5239957.7,False
(2025 HJ1),2025-04-06,0.05,27814.83,8503197.7,False
(2025 HD43),2025-04-06,0.073,40474.99,19101641.89,False
(2014 UV210),2025-03-30,0.025,11540.52,30347482.75,False
(2015 GK),2025-03-30,0.038,60327.97,23312095.95,False
(2016 CK137),2025-03-30,0.021,32222.11,70026078.45,False
(2016 UR5),2025-03-30,0.027,71307.51,70834158.21,False
(2017 FO91),2025-03-30,0.057,25472.96,16311206.21,False
(2020 BM1),2025-03-30,0.045,67371.89,59285471.32,False
(2020 TR1),2025-03-30,0.023,23648.51,45082580.52,False
(2020 VA4),2025-03-30,0.019,20288.33,4443922.09,False
(2023 HJ1),2025-03-30,0.031,30154.67,16479710.17,False
(2024 SP2),2025-03-30,0.009,18000.76,26596673.33,False
(2024 TV20),2025-03-30,0.118,39015.03,63022797.55,False
(2024 UY17),2025-03-30,0.005,22613.31,56774129.63,False
(2025 EJ1),2025-03-30,0.112,44951.04,13094642.21,False
(2025 FA4),2025-03-30,0.031,18872.72,10551996.28,False
(2025 FV5),2025-03-30,0.08,35451.75,19844643.33,False
(2025 FW7),2025-03-30,0.124,63582.22,8496775.31,False
(2025 FW11),2025-03-30,0.04,43198.79,2267317.38,False
(2025 FX12),2025-03-30,0.046,9660.63,15324561.46,False
(2025 FR13),2025-03-30,0.086,58792.08,1332409.45,False
(2025 FG18),2025-03-30,0.021,30166.31,1493490.48,False
(2025 GR),2025-03-30,0.04,54568.43,3268649.25,False
(1994 GL),2025-03-23,0.047,79814.35,52987376.37,False
(2007 EE26),2025-03-23,0.036,69076.23,72221520.49,False
(2011 GP44),2025-03-23,0.078,55128.86,25052654.06,False
(2013 FY7),2025-03-23,0.187,34169.33,73098359.58,False
(2014 HL123),2025-03-23,0.188,24927.0,27338980.7,False
(2014 TJ33),2025-03-23,0.141,66323.3,32662928.15,False
(2019 HM3),2025-03-23,0.024,47176.48,39363374.81,False
(2021 FP),2025-03-23,0.161,79091.75,26854911.35,False
(2022 GS3),2025-03-23,0.084,45860.53,22884919.99,False
(2022 OC3),2025-03-23,0.013,10744.56,16677411.59,False
(2023 VO6),2025-03-23,0.014,28931.86,25024387.65,False
(2024 FB),2025-03-23,0.041,83486.47,70241974.61,False
(2025 CT2),2025-03-23,0.18,43954.55,27236782.95,False
(2025 DA15),2025-03-23,0.061,27928.82,6482838.55,False
(2025 EL4),2025-03-23,0.372,63724.95,12054571.59,False
(2025 FY1),2025-03-23,0.026,51562.74,675099.16,False
(2025 FC2),2025-03-23,0.012,48307.23,252897.14,False
(2025 FY6),2025-03-23,0.004,84335.73,21944.26,False
(2025 FP12),2025-03-23,0.054,22373.72,8345756.35,False
(2025 FQ12),2025-03-23,0.01,41752.04,490743.77,False
(2025 FL18),2025-03-23,0.053,28402.78,6662985.28,False
(2025 HT6),2025-03-23,0.124,23023.58,8745497.94,False
(2003 HT42),2025-03-24,0.065,48453.67,39809222.2,False
(2006 QS23),2025-03-24,0.568,64801.95,31072890.46,False
(2016 FK14),2025-03-24,0.429,41480.25,27228059.63,False
(2017 ST17),2025-03-24,0.065,61104.65,41287279.85,False
(2020 UC),2025-03-24,0.018,78526.39,71877560.6,False
(2021 TO),2025-03-24,0.084,32499.39,67106818.33,False
(2022 QU7),2025-03-24,0.063,60809.94,66429638.47,False
(2023 HW2),2025-03-24,0.047,86497.13,69139169.3,False
(2023 SN11),2025-03-24,0.104,86663.82,32288129.34,False
(2024 BA5),2025-03-24,0.037,27446.21,37274445.99,False
(2024 RD7),2025-03-24,0.163,97719.35,52544012.61,False
(2025 ED2),2025-03-24,0.411,41478.93,27227180.74,False
(2025 FS),2025-03-24,0.038,49146.26,1168910.68,False
(2025 FQ2),2025-03-24,0.017,24715.77,2720913.71,False
(2025 FX2),2025-03-24,0.02,90291.6,274009.28,False
(2025 FK3),2025-03-24,0.009,73971.92,122133.53,False
(2025 FZ6),2025-03-24,0.013,76167.6,350630.93,False
(2025 FK14),2025-03-24,0.007,30487.26,337101.33,False
152754 (1999 GS6),2025-03-25,0.82,40968.05,18287995.58,True
443837 (2000 TJ1),2025-03-25,0.682,84233.98,56617904.05,False
(2009 WW7),2025-03-25,0.01,26170.13,50451719.21,False
(2013 UM9),2025-03-25,0.072,27699.98,66654931.75,False
(2016 BC14),2025-03-25,0.378,67725.39,66986103.11,True
(2019 AX5),2025-03-25,0.038,23460.26,53740640.57,False
(2019 GM4),2025-03-25,0.114,67897.35,53340787.35,False
(2019 SP2),2025-03-25,0.093,29496.74,12472641.52,False
(2020 JR3),2025-03-25,0.094,24347.17,57855321.31,False
(2021 DO1),2025-03-25,0.052,55620.9,47232216.97,False
(2022 CO3),2025-03-25,0.043,17538.54,56190406.28,False
(2022 ER6),2025-03-25,0.161,35809.03,14746789.76,False
(2022 GU1),2025-03-25,0.085,84567.75,61434621.27,False
(2023 JL1),2025-03-25,0.021,20074.2,36811278.73,False
(2023 RF4),2025-03-25,0.053,45809.94,52796477.25,False
(2023 XX12),2025-03-25,0.066,30220.03,34874273.83,False
(2024 DM),2025-03-25,0.06,40801.31,58208201.11,False
(2024 LG5),2025-03-25,0.028,28263.13,53788076.53,False
(2025 FT),2025-03-25,0.022,32373.35,1951844.43,False
(2025 FK2),2025-03-25,0.025,12632.14,4533534.25,False
(2025 FN2),2025-03-25,0.042,42445.23,3678553.47,False
(2025 FP11),2025-03-25,0.034,31048.84,5418819.38,False
(2025 FD15),2025-03-25,0.018,37880.8,3280114.09,False
(2025 FU16),2025-03-25,0.09,21622.78,25024043.93,False
(2025 FH25),2025-03-25,0.011,34950.04,248077.3,False
(2014 TN17),2025-03-26,0.298,77281.75,5092311.17,True
(2016 GM135),2025-03-26,0.204,87093.69,60229846.34,False
(2019 RK),2025-03-26,0.053,17450.83,37238134.07,False
(2020 GC1),2025-03-26,0.053,54897.87,30402116.49,False
(2022 ER1),2025-03-26,0.256,63224.64,70149005.89,False
(2022 UG2),2025-03-26,0.022,32140.9,34770471.89,False
(2025 DW5),2025-03-26,0.07,20297.5,6329845.23,False
(2025 FD2),2025-03-26,0.019,32195.24,2108351.91,False
(2025 FR2),2025-03-26,0.027,37920.03,2715715.99,False
(2025 FT2),2025-03-26,0.129,52194.9,19699750.06,False
(2025 FS5),2025-03-26,0.087,75991.35,7374512.36,False
(2025 FH10),2025-03-26,0.064,15299.42,19635134.24,False
(2025 FX11),2025-03-26,0.069,62516.98,13388086.27,False
(2025 FY11),2025-03-26,0.01,14612.08,498512.28,False
(2025 FH14),2025-03-26,0.113,40850.94,17878504.3,False
(2025 FZ14),2025-03-26,0.034,41009.04,1214087.95,False
(2025 FZ15),2025-03-26,0.009,45655.16,165831.65,False
(2025 FE18),2025-03-26,0.008,64469.64,361783.51,False
(2025 FD20),2025-03-26,0.042,66158.9,2096840.33,False
(2025 GC),2025-03-26,0.018,21363.87,1860168.97,False
(2007 EJ88),2025-03-27,0.113,93064.51,7264722.26,False
(2016 ED157),2025-03-27,0.069,8998.18,17445302.67,False
(2019 GN20),2025-03-27,0.03,75410.91,31416957.3,False
(2021 GF5),2025-03-27,0.132,50362.0,57326661.24,False
(2021 WN2),2025-03-27,0.027,31514.34,36970871.56,False
(2022 FK1),2025-03-27,0.03,69396.46,53222611.78,False
(2024 GE3),2025-03-27,0.036,17924.73,24824602.33,False
(2025 DV22),2025-03-27,0.099,43997.86,6335912.87,False
(2025 FC4),2025-03-27,0.041,40999.22,4305240.63,False
(2025 FO6),2025-03-27,0.019,45096.88,808463.51,False
(2025 FA7),2025-03-27,0.032,71987.43,1964229.4,False
(2025 FT12),2025-03-27,0.063,31656.96,2862482.91,False
(2025 FO18),2025-03-27,0.043,67229.21,3927773.22,False
(2025 GZ),2025-03-27,0.12,61945.45,9484569.63,False
(2010 KC),2025-03-28,0.087,99689.09,51438746.04,False
(2016 GW221),2025-03-28,0.066,28135.25,11283824.75,False
(2020 PP3),2025-03-28,0.059,31722.24,72737376.93,False
(2020 TL3),2025-03-28,0.038,46412.03,53680563.18,False
(2023 OE5),2025-03-28,0.032,10856.72,17917415.71,False
(2023 RA4),2025-03-28,0.069,48265.66,57028828.09,False
(2023 XW1),2025-03-28,0.019,33738.49,25577834.38,False
(2023 XW5),2025-03-28,0.011,46931.02,44039481.8,False
(2024 FN1),2025-03-28,0.036,44726.29,34954912.1,False
(2025 CG4),2025-03-28,0.185,10576.61,26315898.72,False
(2025 DU3),2025-03-28,0.2,48118.69,19601011.3,False
(2025 FG6),2025-03-28,0.011,21651.19,1131873.75,False
(2025 FM6),2025-03-28,0.078,49655.22,6363853.51,False
(2025 FS7),2025-03-28,0.031,21717.63,6123854.33,False
(2025 FY7),2025-03-28,0.028,26326.34,399421.96,False
(2025 FB8),2025-03-28,0.012,18760.62,118661.2,False
(2025 FQ11),2025-03-28,0.091,64930.95,12523977.24,False
(2025 FV12),2025-03-28,0.006,39134.27,101643.33,False
(2025 FR17),2025-03-28,0.032,41240.86,1855416.78,False
(2025 FU18),2025-03-28,0.052,22410.88,23843505.06,False
(2025 FP20),2025-03-28,0.049,65429.55,3058445.74,False
(2020 QP6),2025-03-29,0.429,36111.06,18198384.81,False
(2021 HA),2025-03-29,0.046,72854.19,70353054.0,False
(2024 RW25),2025-03-29,0.045,27450.52,72467203.77,False
(2024 TO2),2025-03-29,0.038,53423.2,29296720.02,False
(2024 TN5),2025-03-29,0.015,23636.96,34337479.28,False
(2025 DY24),2025-03-29,0.097,27886.42,24932876.99,False
(2025 FZ1),2025-03-29,0.025,34023.12,2465112.01,False
(2025 FP2),2025-03-29,0.034,22298.59,20890506.76,False
(2025 FC22),2025-03-29,0.021,73689.3,400580.65,False
791983 (2020 QP6),2025-03-29,0.429,36111.07,18198380.53,False
462238 (2008 CN1),2025-03-20,0.439,66079.87,49188925.87,True
(2019 FN2),2025-03-20,0.108,51886.69,55448221.33,False
(2020 FM),2025-03-20,0.09,40368.06,44904232.42,False
(2021 FM),2025-03-20,0.066,49329.71,12660924.12,False
(2021 LR3),2025-03-20,0.08,21662.52,66177846.04,False
(2025 DD8),2025-03-20,0.275,69060.32,26475827.1,False
(2025 EU),2025-03-20,0.043,22941.64,10855946.2,False
(2025 FA),2025-03-20,0.19,52054.15,8131544.44,False
(2025 FF),2025-03-20,0.028,22631.73,3945789.93,False
(2025 FG),2025-03-20,0.02,19790.38,2780183.21,False
(2025 FL),2025-03-20,0.034,32294.86,462186.67,False
(2025 FS2),2025-03-20,0.014,47008.44,411301.14,False
(2025 FD6),2025-03-20,0.047,47478.53,21586592.95,False
(2025 FR7),2025-03-20,0.057,62244.72,6748550.52,False
(2025 FU9),2025-03-20,0.026,29371.87,619672.72,False
(2025 FM10),2025-03-20,0.038,56651.22,1808443.26,False
138258 (2000 GD2),2025-03-21,0.951,100303.52,64256255.85,False
(2017 UE),2025-03-21,0.025,20238.78,37440397.84,False
(2018 RR),2025-03-21,0.018,34077.29,15796534.91,False
(2021 FH1),2025-03-21,0.052,49825.99,1489340.23,False
(2024 GT3),2025-03-21,0.076,30038.4,43203072.77,False
(2025 EY),2025-03-21,0.054,20008.22,14614057.99,False
(2025 FE),2025-03-21,0.068,54056.93,3023064.03,False
(2025 FJ),2025-03-21,0.015,39491.2,934006.07,False
(2025 FK),2025-03-21,0.057,43081.76,7586228.88,False
(2025 FA2),2025-03-21,0.024,35319.13,2145823.99,False
(2025 FN7),2025-03-21,0.004,29061.08,81966.14,False
(2025 FU11),2025-03-21,0.05,36437.92,3668307.55,False
(2025 HB3),2025-03-21,0.09,25279.18,11031713.55,False
(1999 RA32),2025-03-22,0.313,22213.39,13740421.45,False
(2021 PS2),2025-03-22,0.594,41351.35,10126125.35,True
618350 (2021 PS2),2025-03-22,0.6,41351.19,10126359.08,True
(2023 CJ1),2025-03-22,0.047,49358.34,47273216.89,False
(2024 FE1),2025-03-22,0.035,18063.2,20476347.69,False
(2024 SH1),2025-03-22,0.025,9109.47,20644386.49,False
(2024 SY1),2025-03-22,0.037,43506.67,62576445.23,False
(2024 TA1),2025-03-22,0.079,49450.44,56222786.52,False
(2025 FZ),2025-03-22,0.019,25757.78,1268709.86,False
(2025 FB2),2025-03-22,0.029,47372.28,3120745.62,False
(2025 FX6),2025-03-22,0.008,75017.49,161563.69,False
(2025 FZ7),2025-03-22,0.021,36878.54,1397971.24,False
(2025 FM15),2025-03-22,0.03,7879.61,9920965.12,False
(2025 FN18),2025-03-22,0.063,43920.76,8169715.14,False
(2025 FZ21),2025-03-22,0.184,92555.2,14622493.62,False
(1994 GL),2025-03-23,0.047,79814.35,52987376.37,False
(2007 EE26),2025-03-23,0.036,69076.23,72221520.49,False
(2011 GP44),2025-03-23,0.078,55128.86,25052654.06,False
(2013 FY7),2025-03-23,0.187,34169.33,73098359.58,False
(2014 HL123),2025-03-23,0.188,24927.0,27338980.7,False
(2014 TJ33),2025-03-23,0.141,66323.3,32662928.15,False
(2019 HM3),2025-03-23,0.024,47176.48,39363374.81,False
(2021 FP),2025-03-23,0.161,79091.75,26854911.35,False
(2022 GS3),2025-03-23,0.084,45860.53,22884919.99,False
(2022 OC3),2025-03-23,0.013,10744.56,16677411.59,False
(2023 VO6),2025-03-23,0.014,28931.86,25024387.65,False
(2024 FB),2025-03-23,0.041,83486.47,70241974.61,False
(2025 CT2),2025-03-23,0.18,43954.55,27236782.95,False
(2025 DA15),2025-03-23,0.061,27928.82,6482838.55,False
(2025 EL4),2025-03-23,0.372,63724.95,12054571.59,False
(2025 FY1),2025-03-23,0.026,51562.74,675099.16,False
(2025 FC2),2025-03-23,0.012,48307.23,252897.14,False
(2025 FY6),2025-03-23,0.004,84335.73,21944.26,False
(2025 FP12),2025-03-23,0.054,22373.72,8345756.35,False
(2025 FQ12),2025-03-23,0.01,41752.04,490743.77,False
(2025 FL18),2025-03-23,0.053,28402.78,6662985.28,False
(2025 HT6),2025-03-23,0.124,23023.58,8745497.94,False
325102 (2008 EY5),2025-03-16,0.55,108637.24,69739452.49,False
(2013 EG68),2025-03-16,0.062,67243.29,22143040.95,False
(2016 QE44),2025-03-16,0.29,65594.74,28319636.15,False
(2018 GJ2),2025-03-16,0.417,44018.04,23280684.0,False
(2020 UF2),2025-03-16,0.264,53793.07,27889193.41,True
(2021 RU7),2025-03-16,0.12,42801.87,22378852.69,False
(2022 QF7),2025-03-16,0.231,71284.95,74763912.85,False
(2024 DQ),2025-03-16,0.063,27998.14,30238534.24,False
(2024 TT5),2025-03-16,0.07,60256.35,44033322.68,False
(2024 XD11),2025-03-16,0.014,5073.28,20046190.61,False
(2025 EC1),2025-03-16,0.032,23384.46,3283080.42,False
(2025 FE2),2025-03-16,0.056,37439.12,9153082.46,False
(2025 FJ2),2025-03-16,0.032,38978.37,11226455.51,False
(2025 FR12),2025-03-16,0.132,74103.58,7945735.57,False
(2010 XA11),2025-03-17,0.036,58604.08,26025592.88,False
(2015 FN35),2025-03-17,0.107,71316.58,41798940.08,False
(2018 TD2),2025-03-17,0.03,74534.34,73826392.17,False
(2020 AB2),2025-03-17,0.024,24830.02,48738059.71,False
(2022 DX3),2025-03-17,0.05,54330.32,53070093.94,False
(2023 EF),2025-03-17,0.035,15672.87,19128895.32,False
(2024 XA8),2025-03-17,0.154,32021.89,14996869.89,False
(2025 FN),2025-03-17,0.018,47732.26,2199377.46,False
(2025 FL2),2025-03-17,0.053,27365.65,11209627.46,False
141078 (2001 XQ30),2025-03-18,1.082,24099.68,29107278.26,False
303450 (2005 BY2),2025-03-18,0.472,26100.84,25586138.0,True
(2011 CK50),2025-03-18,0.089,42923.85,14658609.24,False
(2017 RY15),2025-03-18,0.17,40124.73,17133778.94,False
(2020 TL2),2025-03-18,0.075,53450.16,46406320.15,False
(2020 TS4),2025-03-18,0.016,24591.42,56647272.85,False
(2021 AA5),2025-03-18,0.041,29997.53,69827853.12,False
(2022 UR1),2025-03-18,0.092,62434.81,36971497.79,False
(2023 BJ5),2025-03-18,0.013,18074.51,72476693.9,False
(2023 RZ3),2025-03-18,0.043,67429.12,16189487.27,False
(2024 EH4),2025-03-18,0.103,51435.01,55989458.21,False
(2024 VB4),2025-03-18,0.074,49189.32,51532624.12,False
(2025 DU25),2025-03-18,0.022,19214.41,1114814.2,False
(2025 FB),2025-03-18,0.092,27038.32,12482498.0,False
(2025 FC),2025-03-18,0.011,61831.14,66173.45,False
(2025 FD),2025-03-18,0.102,88401.46,1945412.27,False
(2025 FP),2025-03-18,0.021,32059.06,785782.6,False
(2025 FA1),2025-03-18,0.035,41199.14,2314849.5,False
(2025 FJ4),2025-03-18,0.394,79394.65,20194184.71,True
(2025 FS6),2025-03-18,0.023,27556.74,1099149.51,False
(2015 UG51),2025-03-19,0.041,65244.1,52212414.05,False
(2016 GC135),2025-03-19,0.119,31607.99,29904821.32,False
(2016 WM8),2025-03-19,0.086,30643.09,72927066.58,False
(2022 QO2),2025-03-19,0.017,58827.26,9310511.43,False
(2023 XR14),2025-03-19,0.013,61960.32,34310532.08,False
(2024 NV1),2025-03-19,0.055,32705.21,73932626.06,False
(2024 TT9),2025-03-19,0.07,53365.46,58831928.21,False
(2025 DE7),2025-03-19,0.054,15560.93,18183538.71,False
(2025 CE13),2025-03-19,0.31,50929.55,17149718.83,True
(2025 EQ2),2025-03-19,0.026,22236.84,2008314.04,False
(2025 FQ),2025-03-19,0.126,69294.01,22080622.27,False
(2025 FC1),2025-03-19,0.017,67524.16,640226.76,False
(2025 FD1),2025-03-19,0.021,85491.16,1013173.83,False
(2025 FF2),2025-03-19,0.023,74649.45,1350106.4,False
(2025 FO2),2025-03-19,0.015,46019.46,1311503.91,False
(2025 FQ4),2025-03-19,0.169,52116.29,2733331.12,False
(2025 FQ5),2025-03-19,0.025,17505.58,765025.03,False
(2025 FA8),2025-03-19,0.014,24306.74,5281572.5,False
(2025 FR10),2025-03-19,0.085,37869.09,19876170.44,False
(2025 FC25),2025-03-19,0.019,47095.5,4044259.62,False
(2015 BY512),2025-03-10,0.299,62380.74,66336716.09,False
(2017 TA6),2025-03-10,0.023,59694.59,63109087.82,False
(2019 RB3),2025-03-10,0.086,64324.57,45217659.23,False
(2020 CB),2025-03-10,0.017,24764.88,36011593.25,False
(2021 EU3),2025-03-10,0.022,15711.57,4087872.65,False
(2021 PF7),2025-03-10,0.016,24500.55,31470147.26,False
(2021 SJ3),2025-03-10,0.033,24101.64,63276467.68,False
(2022 QB8),2025-03-10,0.04,56182.81,39253540.76,False
(2022 US21),2025-03-10,0.252,62657.98,44499286.52,True
(2024 EZ3),2025-03-10,0.041,69619.33,67496348.7,False
(2024 TC15),2025-03-10,0.025,23979.54,53051609.24,False
(2024 YB7),2025-03-10,0.145,16142.45,29457538.81,False
(2025 DB5),2025-03-10,0.016,7331.19,2268850.29,False
(2025 EH1),2025-03-10,0.025,28715.35,2732534.48,False
(2025 EK4),2025-03-10,0.092,38842.17,2578319.5,False
(2020 KR6),2025-03-11,0.583,52765.36,68587632.44,False
(2021 AD24),2025-03-11,0.148,29394.68,18663027.43,False
(2022 ED),2025-03-11,0.009,31535.08,18387962.84,False
(2022 EC1),2025-03-11,0.048,29864.84,16266754.82,False
(2022 EK6),2025-03-11,0.037,71263.13,39579811.65,False
(2024 RJ1),2025-03-11,0.07,24512.79,66324303.54,False
(2024 RJ10),2025-03-11,0.079,39940.75,52066456.28,False
(2024 TK22),2025-03-11,0.006,26828.48,65236309.08,False
(2025 DP3),2025-03-11,0.045,28464.74,7660105.45,False
(2025 DB7),2025-03-11,0.021,9301.66,3696072.52,False
(2025 DD25),2025-03-11,0.05,20544.36,10830743.94,False
(2025 EU2),2025-03-11,0.12,65222.55,26671275.28,False
(2025 FX7),2025-03-11,0.092,86597.6,6610237.19,False
494658 (2000 UG11),2025-03-12,0.429,56311.23,23201645.78,True
(2009 EM1),2025-03-12,0.149,40611.02,20877692.17,False
(2015 SZ16),2025-03-12,0.156,50965.57,19723955.06,False
(2016 FU12),2025-03-12,0.025,52581.55,49976109.16,False
(2019 DQ),2025-03-12,0.026,28624.47,18718249.15,False
(2020 VL),2025-03-12,0.056,19635.01,16669020.65,False
(2020 XT5),2025-03-12,0.752,60922.78,12936190.58,False
(2021 CQ3),2025-03-12,0.967,150583.02,69447542.72,False
(2021 ER4),2025-03-12,0.022,53935.0,10690495.91,False
(2022 OQ),2025-03-12,0.062,36098.0,44434061.64,False
(2022 UU8),2025-03-12,0.015,11599.55,18242488.73,False
(2025 DB2),2025-03-12,0.062,43884.01,9666207.4,False
(2025 DK2),2025-03-12,0.052,23512.74,11783253.79,False
(2025 DM3),2025-03-12,0.088,38284.0,7334830.27,False
(2025 DY5),2025-03-12,0.047,30441.83,3729881.9,False
(2025 DA7),2025-03-12,0.078,34823.5,6756956.0,False
(2025 DZ14),2025-03-12,0.108,28884.65,17320983.23,False
(2025 DC22),2025-03-12,0.04,21071.71,3544820.23,False
(2025 DL22),2025-03-12,0.046,35709.18,2874791.96,False
(2025 EP),2025-03-12,0.257,49559.53,18232913.12,False
(2025 EB1),2025-03-12,0.021,23365.53,2134543.0,False
(2025 FB1),2025-03-12,0.025,21212.97,5158854.3,False
(2025 FL16),2025-03-12,0.026,24638.73,4310270.48,False
163348 (2002 NN4),2025-03-13,0.573,53218.95,65169937.96,True
469219 Kamo`oalewa (2016 HO3),2025-03-13,0.082,11655.48,25631367.66,False
(2002 EM7),2025-03-13,0.078,26852.78,17211967.61,False
(2011 EC7),2025-03-13,0.327,107816.77,35658520.69,False
(2015 FC35),2025-03-13,0.221,92446.72,69084011.88,False
(2016 EO84),2025-03-13,0.202,102708.4,58837339.85,False
(2017 UG5),2025-03-13,0.033,48447.81,32910492.47,False
(2021 QN2),2025-03-13,0.065,21907.28,56271611.52,False
(2024 VR),2025-03-13,0.066,38814.77,62509312.44,False
(2025 CT1),2025-03-13,0.05,10319.1,7415287.45,False
(2025 DP22),2025-03-13,0.117,30635.88,23020697.17,False
(2025 DU24),2025-03-13,0.031,10879.7,8416471.64,False
(2025 EA4),2025-03-13,0.042,12509.08,3348862.63,False
(2025 FM),2025-03-13,0.065,58473.93,5274328.41,False
(2025 FR),2025-03-13,0.053,56548.32,3433857.59,False
(2025 FY3),2025-03-13,0.09,43703.58,19953878.62,False
(2025 FH4),2025-03-13,0.013,24033.92,730396.75,False
(2025 FL12),2025-03-13,0.042,40106.27,4006262.96,False
(2025 EL12),2025-03-13,0.186,41233.31,1218498.84,False
(2025 FU24),2025-03-13,0.295,53593.54,27062954.02,False
(2025 FD25),2025-03-13,0.024,28294.57,4408535.85,False
483656 (2005 ES70),2025-03-14,0.105,43392.66,8465703.76,False
(2015 OO35),2025-03-14,0.075,55881.01,38324285.99,False
(2016 RN1),2025-03-14,0.372,61761.6,29647968.27,True
(2017 DR109),2025-03-14,0.018,73131.05,65676911.26,False
(2019 AQ5),2025-03-14,0.049,15641.77,54092292.87,False
(2019 ET),2025-03-14,0.075,54123.94,48110563.74,False
(2019 TF3),2025-03-14,0.015,48769.35,59335472.75,False
(2022 OC1),2025-03-14,0.225,63417.16,19455122.27,False
(2022 DF26),2025-03-14,0.022,25766.17,12413545.59,False
(2024 RO15),2025-03-14,0.052,29297.53,73775922.74,False
(2024 UY4),2025-03-14,0.03,17414.11,26900700.43,False
(2024 UX10),2025-03-14,0.03,74463.75,70185458.4,False
(2025 DS6),2025-03-14,0.024,9815.89,7480777.32,False
(2025 DZ24),2025-03-14,0.068,26266.35,17999439.19,False
(2025 DK29),2025-03-14,0.072,6092.89,26254384.06,False
(2025 ES2),2025-03-14,0.019,31911.29,2195198.19,False
(2025 FY),2025-03-14,0.03,27596.06,12247278.97,False
(2025 FX5),2025-03-14,0.046,22525.38,5436452.84,False
(2025 FY5),2025-03-14,0.045,12811.73,11709759.87,False
(2025 FP7),2025-03-14,0.026,20826.92,3898639.38,False
(2015 FE345),2025-03-15,0.153,30049.69,59106593.72,False
(2020 FO),2025-03-15,0.039,74094.97,5121209.51,False
(2020 VN1),2025-03-15,0.015,62355.26,74013144.23,False
(2023 EC),2025-03-15,0.047,39547.05,12500899.2,False
(2023 FN),2025-03-15,0.076,79682.58,41181691.09,False
(2025 CX1),2025-03-15,0.073,30164.0,7595100.88,False
(2025 DV4),2025-03-15,0.048,25149.95,6893555.4,False
(2025 DW14),2025-03-15,0.135,75298.18,14794135.51,False
(2025 DW24),2025-03-15,0.086,34723.67,8690067.76,False
(2025 DO27),2025-03-15,0.068,54839.79,6592732.47,False
(2025 DU29),2025-03-15,0.081,54950.72,19923252.84,False
(2025 EG2),2025-03-15,0.072,41711.45,7444486.44,False
(2025 EV2),2025-03-15,0.184,66174.9,27833845.58,False
(2025 EF4),2025-03-15,0.071,21071.66,458822.37,False
(2025 FO),2025-03-15,0.105,64920.93,2274435.24,False
(2025 FH1),2025-03-15,0.131,79323.78,7791790.25,False
(2025 FX3),2025-03-15,0.109,44548.57,21703474.53,False
325102 (2008 EY5),2025-03-16,0.55,108637.24,69739452.49,False
(2013 EG68),2025-03-16,0.062,67243.29,22143040.95,False
(2016 QE44),2025-03-16,0.29,65594.74,28319636.15,False
(2018 GJ2),2025-03-16,0.417,44018.04,23280684.0,False
(2020 UF2),2025-03-16,0.264,53793.07,27889193.41,True
(2021 RU7),2025-03-16,0.12,42801.87,22378852.69,False
(2022 QF7),2025-03-16,0.231,71284.95,74763912.85,False
(2024 DQ),2025-03-16,0.063,27998.14,30238534.24,False
(2024 TT5),2025-03-16,0.07,60256.35,44033322.68,False
(2024 XD11),2025-03-16,0.014,5073.28,20046190.61,False
(2025 EC1),2025-03-16,0.032,23384.46,3283080.42,False
(2025 FE2),2025-03-16,0.056,37439.12,9153082.46,False
(2025 FJ2),2025-03-16,0.032,38978.37,11226455.51,False
(2025 FR12),2025-03-16,0.132,74103.58,7945735.57,False
66008 (1998 QH2),2025-03-09,3.855,122687.15,11613384.88,False
351545 (2005 TE15),2025-03-09,0.649,59796.94,26530690.04,False
(2006 QE),2025-03-09,0.695,76657.19,44358829.71,False
(2011 YW10),2025-03-09,0.07,36885.41,17691053.4,False
(2017 GO5),2025-03-09,0.045,77905.5,62951998.18,False
(2019 SX4),2025-03-09,0.084,51822.0,70074531.34,False
(2020 UF6),2025-03-09,0.191,38217.15,50149223.03,False
(2023 GE),2025-03-09,0.019,80434.4,61697486.49,False
(2023 WG1),2025-03-09,0.027,35473.64,14737221.45,False
(2024 FA),2025-03-09,0.187,86494.3,27568592.0,False
(2025 DE4),2025-03-09,0.063,48490.37,7719477.82,False
(2025 DX4),2025-03-09,0.042,8333.79,14738665.39,False
(2025 DZ6),2025-03-09,0.059,35613.66,4999225.93,False
(2025 EC2),2025-03-09,0.028,15741.28,557071.44,False
